,,,,,,,,,
Band,City,State,State_id,Year formed,Year disbanded,Latitude,Longitude,Article title,Link to source
Basement,Ipswich,Suffolk,EG,2009,2012,52.0597,1.1481,Future of emo,https://en.wikipedia.org/wiki/Basement_(band)
The Front Bottoms,Woodcliff Lake,New Jersey,NJ,2006,2026,41.0253,-74.0604,Future of emo,https://en.wikipedia.org/wiki/The_Front_Bottoms
The Hotelier,Worcester,Massachusetts,MA,2009,2026,42.2705,-71.8079,Future of emo,https://en.wikipedia.org/wiki/The_Hotelier
Julien Baker,Murfreesboro,Tennessee,TN,2015,2026,35.849,-86.4121,Future of emo,https://en.wikipedia.org/wiki/Julien_Baker
Microwave,Atlanta,Georgia,GA,2012,2026,33.7628,-84.422,Future of emo,https://en.wikipedia.org/wiki/Microwave_(American_band)
Modern Chemistry,Asbury Park,New Jersey,NJ,2013,2026,40.2226,-74.0119,Future of emo,https://www.indiemusicdiscovery.com/interview-modern-chemistry/*https://modernchemistry.bandcamp.com/album/well-grow-out-of-this
Nothing*Nowhere,Burlington,Vermont,VT,2015,2026,44.4876,-73.2316,Future of emo,"https://en.wikipedia.org/wiki/Nothing,Nowhere"
Sleep On It,Chicago,Illinois,IL,2012,2020,41.8375,-87.6866,Future of emo,https://en.wikipedia.org/wiki/Sleep_On_It_(band)
Sorority Noise,Hartford,Connecticut,CT,2013,2018,41.7661,-72.6834,Future of emo,https://en.wikipedia.org/wiki/Sorority_Noise
Turnover,Virginia Beach,Virginia,VA,2009,2026,36.7335,-76.0435,A brief history,https://en.wikipedia.org/wiki/Turnover_(band)
American Football,Champaign-Urbana,Illinois,IL,1997,2000,40.1163,-88.2435,A brief history,https://www.discogs.com/artist/312291-American-Football
Braid,Champaign,Illinois,IL,1993,1999,40.1142,-88.2737,A brief history,https://en.wikipedia.org/wiki/Braid_(band)
Brand New,Long Island,New York,NY,2000,2017,40.7128,-74.006,A brief history,https://en.wikipedia.org/wiki/Brand_New_(band)
Dashboard Confessional,Boca Raton,Florida,FL,1999,2011,26.3752,-80.108,A brief history,https://en.wikipedia.org/wiki/Dashboard_Confessional
Cap'n Jazz,Buffalo Grove,Illinois,IL,1989,1995,42.1675,-87.9615,A brief history,https://en.wikipedia.org/wiki/Cap%27n_Jazz
The Get Up Kids,Kansas City,Missouri,MO,1995,2005,39.1238,-94.5541,A brief history,https://en.wikipedia.org/wiki/The_Get_Up_Kids
Jimmy Eat World,Mesa,Arizona,AZ,1993,2026,33.4015,-111.7178,A brief history,https://en.wikipedia.org/wiki/Jimmy_Eat_World_discography
Panic! at the Disco,Las Vegas,Nevada,NV,2004,2015,36.2333,-115.2654,A brief history,https://en.wikipedia.org/wiki/Panic!_at_the_Disco
My Chemical Romance,Belleville,New Jersey,NJ,2001,2013,40.7874,-74.1529,A brief history,https://en.wikipedia.org/wiki/My_Chemical_Romance
The Promise Ring,Milwaukee,Wisconsin,WI,1995,2002,43.0642,-87.9675,A brief history,https://en.wikipedia.org/wiki/The_Promise_Ring
Rites of Spring,Washington,District of Columbia,DC,1983,1986,38.9047,-77.0163,A brief history,https://en.wikipedia.org/wiki/Rites_of_Spring
Sunny Day Real Estate,Seattle,Washington,WA,1992,1995,47.6211,-122.3244,A brief history,https://en.wikipedia.org/wiki/Sunny_Day_Real_Estate
Saves the Day,Princeton,New Jersey,NJ,1997,2026,40.3562,-74.6693,A brief history,https://www.discogs.com/artist/377259-Saves-The-Day
Rites of Spring,Washington,District of Columbia,DC,1983,1986,38.9047,-77.0163,The quiet things...,https://en.wikipedia.org/wiki/Rites_of_Spring
Embrace,Washington,District of Columbia,DC,1985,1986,38.9047,-77.0163,The quiet things...,https://en.wikipedia.org/wiki/Embrace_(American_band)
Fugazi,Washington,District of Columbia,DC,1986,2003,38.9047,-77.0163,The quiet things...,https://en.wikipedia.org/wiki/Fugazi
Antioch Arrow,San Diego,California,CA,1992,1994,32.8313,-117.1222,The quiet things...,https://en.wikipedia.org/wiki/Antioch_Arrow
Swing Kids,San Diego,California,CA,1994,1997,32.8313,-117.1222,The quiet things...,https://en.wikipedia.org/wiki/Swing_Kids_(band)
Jawbreaker,East Bay,California,CA,1986,1996,37.8272,-122.2913,The quiet things...,https://en.wikipedia.org/wiki/Jawbreaker_(band)
Cap'n Jazz,Buffalo Grove,Illinois,IL,1989,1995,42.1675,-87.9615,The quiet things...,https://en.wikipedia.org/wiki/Cap%27n_Jazz
Joan of Arc,Chicago,Illinois,IL,1995,2020,41.8375,-87.6866,The quiet things...,https://en.wikipedia.org/wiki/Joan_of_Arc_(band)
American Football,Champaign-Urbana,Illinois,IL,1997,2000,40.1163,-88.2435,The quiet things...,https://www.discogs.com/artist/312291-American-Football
The Promise Ring,Milwaukee,Wisconsin,WI,1995,2002,43.0642,-87.9675,The quiet things...,https://en.wikipedia.org/wiki/The_Promise_Ring
Braid,Champaign,Illinois,IL,1993,1999,40.1142,-88.2737,The quiet things...,https://en.wikipedia.org/wiki/Braid_(band)
Mineral,Houston,Texas,TX,1994,1998,29.786,-95.3885,The quiet things...,https://en.wikipedia.org/wiki/Mineral_(band) https://www.discogs.com/artist/573453-Mineral?srsltid=AfmBOoo6sXwvAiF8Y-F4TqwzNtWt2YJsDWt3iD_r8zVG6QIM0yfc-vQH
Saves the Day,Princeton,New Jersey,NJ,1997,2026,40.3562,-74.6693,The quiet things...,https://www.discogs.com/artist/377259-Saves-The-Day
Jimmy Eat World,Mesa,Arizona,AZ,1993,2026,33.4015,-111.7178,The quiet things...,https://en.wikipedia.org/wiki/Jimmy_Eat_World_discography
Thursday,New Brunswick,New Jersey,NJ,1997,2012,40.487,-74.445,The quiet things...,https://en.wikipedia.org/wiki/Thursday_(band)
At the Drive-In,El Paso,Texas,TX,1994,2001,31.8476,-106.43,The quiet things...,https://en.wikipedia.org/wiki/At_the_Drive-In
Dashboard Confessional,Boca Raton,Florida,FL,1999,2011,26.3752,-80.108,The quiet things...,https://en.wikipedia.org/wiki/Dashboard_Confessional
Further Seems Forever,Pompano Beach,Florida,FL,1998,2006,26.2428,-80.1312,The quiet things...,https://en.wikipedia.org/wiki/Further_Seems_Forever
Bright Eyes,Omaha,Nebraska,NE,1995,2011,41.2627,-96.0529,The quiet things...,https://en.wikipedia.org/wiki/Bright_Eyes_(band)
Coheed and Cambria,Nyack,New York,NY,1995,2026,41.0919,-73.9143,The quiet things...,https://en.wikipedia.org/wiki/Coheed_and_Cambria
The Anniversary,Lawrence,Kansas,KS,1997,2004,38.9597,-95.2642,The quiet things...,https://en.wikipedia.org/wiki/The_Anniversary
The Faint,Omaha,Nebraska,NE,1995,2026,41.2627,-96.0529,The quiet things...,https://en.wikipedia.org/wiki/The_Faint
Atreyu,Yorba Linda,California,CA,1998,2011,33.889,-117.7714,The quiet things...,https://en.wikipedia.org/wiki/Atreyu
Eighteen Visions,Orange County,California,CA,1995,2007,33.7175,-117.8311,The quiet things...,https://en.wikipedia.org/wiki/Eighteen_Visions
Avenged Sevenfold,Huntington Beach,California,CA,1999,2026,33.696,-118.0018,The quiet things...,https://en.wikipedia.org/wiki/Avenged_Sevenfold
At the Gates,Gothenburg,Sweden,SW,1990,1996,57.7089,11.9746,The quiet things...,https://en.wikipedia.org/wiki/At_the_Gates
The Used,Orem,Utah,UT,2000,2026,40.2981,-111.6994,The quiet things...,https://en.wikipedia.org/wiki/The_Used
Senses Fail,Ridgewood,New Jersey,NJ,2001,2026,40.9821,-74.1127,The quiet things...,https://en.wikipedia.org/wiki/Senses_Fail
My Chemical Romance,Belleville,New Jersey,NJ,2001,2013,40.7874,-74.1529,The quiet things...,https://en.wikipedia.org/wiki/My_Chemical_Romance
Fall Out Boy,Wilmette,Illinois,IL,2001,2009,42.0771,-87.7282,The quiet things...,https://en.wikipedia.org/wiki/Fall_Out_Boy
Lifetime,New Brunswick,New Jersey,NJ,1990,1997,40.487,-74.445,The quiet things...,https://en.wikipedia.org/wiki/Lifetime_(band)
The Stereo,Phoenix,Arizona,AZ,1999,2004,33.5722,-112.0892,The quiet things...,https://en.wikipedia.org/wiki/The_Stereo
Underoath,Tampa,Florida,FL,1997,2013,27.9945,-82.4447,The quiet things...,https://en.wikipedia.org/wiki/Underoath
The Maine,Tempe,Arizona,AZ,2007,2026,33.3881,-111.9319,The quiet things...,https://en.wikipedia.org/wiki/The_Maine_(band)
Every Avenue,Marysville,Michigan,MI,2003,2012,42.9084,-82.4806,The quiet things...,https://en.wikipedia.org/wiki/Every_Avenue
Boys Like Girls,Andover,Massachusetts,MA,2005,2026,42.6627,-71.1447,The quiet things...,https://en.wikipedia.org/wiki/Boys_Like_Girls
Forever the Sickest Kids,Dallas,Texas,TX,2006,2013,32.7935,-96.7667,The quiet things...,https://en.wikipedia.org/wiki/Forever_the_Sickest_Kids
Paramore,Franklin,Tennessee,TN,2004,2025,35.92,-86.8516,The quiet things...,https://en.wikipedia.org/wiki/Paramore
Attack! Attack!,Westerville,Ohio,OH,2007,2013,40.1241,-82.921,The quiet things...,https://en.wikipedia.org/wiki/Attack_Attack!_(American_band)
Escape the Fate,Pahrump,Nevada,NV,2004,2026,36.2235,-115.9974,The quiet things...,https://en.wikipedia.org/wiki/Escape_the_Fate
The Secret Handshake,Dallas,Texas,TX,2004,2011,32.7935,-96.7667,The quiet things...,https://en.wikipedia.org/wiki/Luis_Dubuc#As_The_Secret_Handshake
PlayRadioPlay!,Aledo,Texas,TX,2005,2016,32.6974,-97.6069,The quiet things...,https://en.wikipedia.org/wiki/Analog_Rebellion
Never Shout Never,Joplin,Missouri,MO,2007,2019,37.0757,-94.5018,The quiet things...,https://en.wikipedia.org/wiki/Never_Shout_Never
Dance Gavin Dance,Sacramento,California,CA,2005,2026,38.5677,-121.4685,The quiet things...,https://en.wikipedia.org/wiki/Dance_Gavin_Dance
The Mars Volta,El Paso,Texas,TX,2001,2013,31.8476,-106.43,The quiet things...,https://en.wikipedia.org/wiki/The_Mars_Volta
Algernon Cadwallader,Yardley,Pennsylvania,PA,2005,2012,40.2408,-74.8386,The quiet things...,https://en.wikipedia.org/wiki/Algernon_Cadwallader
Snowing,Lehigh Valley,Pennsylvania,PA,2008,2011,40.5834,-75.5044,The quiet things...,https://en.wikipedia.org/wiki/Snowing_(band)
The Wonder Years,Landsdale,Pennsylvania,PA,2005,2026,40.2415,-75.2838,The quiet things...,https://en.wikipedia.org/wiki/The_Wonder_Years_(band)
Into It. Over It.,Chicago,Illinois,IL,2007,2026,41.8375,-87.6866,The quiet things...,https://en.wikipedia.org/wiki/Into_It._Over_It.
La Dispute,Grand Rapids,Michigan,MI,2004,2026,42.9619,-85.6562,The quiet things...,https://en.wikipedia.org/wiki/La_Dispute_(band)
Touché Amoré,Los Angeles,California,CA,2007,2026,34.1141,-118.4068,The quiet things...,https://en.wikipedia.org/wiki/Touch%C3%A9_Amor%C3%A9
Tigers Jaw,Scranton,Pennsylvania,PA,2005,2026,41.4044,-75.6649,The quiet things...,https://en.wikipedia.org/wiki/Tigers_Jaw
Basement,Ipswich,Suffolk,EG,2009,2012,52.0597,1.1481,The quiet things...,https://en.wikipedia.org/wiki/Basement_(band)
Knapsack,Davis,California,CA,1993,2000,38.5553,-121.737,The quiet things...,https://www.discogs.com/artist/541739-Knapsack
Taking Back Sunday,Amityville,New York,NY,1999,2026,40.6696,-73.4156,The quiet things...,https://en.wikipedia.org/wiki/Taking_Back_Sunday
Modern Baseball,Philadelphia,Pennsylvania,PA,2011,2017,40.0077,-75.1339,The quiet things...,https://en.wikipedia.org/wiki/Modern_Baseball
The Weakerthans,Winnipeg,Manitoba,MB,1997,2014,49.8954,-97.1385,The quiet things...,https://en.wikipedia.org/wiki/The_Weakerthans
Boston Manor,Blackpool,Lancashire,EG,2013,2026,53.8167,-3.037,The quiet things...,https://en.wikipedia.org/wiki/Boston_Manor_(band)
Lil Peep,Long Beach,New York,NY,2013,2017,40.5887,-73.666,The quiet things...,https://en.wikipedia.org/wiki/Lil_Peep
Lil Aaron,Frankfurt,Indiana,IN,2016,2026,40.2797,-86.5107,The quiet things...,https://en.wikipedia.org/wiki/Lil_Aaron