,,,,,,,,,,
Band,City,State,State_id,Year formed,Year disbanded,Latitude,Longitude,Dataset name,City:State_id,In x sources
The Promise Ring,Milwaukee,Wisconsin,WI,1995,2002,43.0642,-87.9675,Anthology,Milwaukee:WI,5
Texas Is the Reason,New York City,New York,NY,1994,1998,40.7128,-74.006,Anthology,New York City:NY,4
Dashboard Confessional,Boca Raton,Florida,FL,1999,2011,26.3752,-80.108,Anthology,Boca Raton:FL,5
Cap'n Jazz,Buffalo Grove,Illinois,IL,1989,1995,42.1675,-87.9615,Anthology,Buffalo Grove:IL,5
American Football,Champaign-Urbana,Illinois,IL,1997,2000,40.1163,-88.2435,Anthology,Champaign-Urbana:IL,5
Owen,Chicago,Illinois,IL,2001,2026,41.8375,-87.6866,Anthology,Chicago:IL,2
Owls,Chicago,Illinois,IL,2001,2002,41.8375,-87.6866,Anthology,Chicago:IL,3
The Van Pelt,New York City,New York,NY,1993,1997,40.7128,-74.006,Anthology,New York City:NY,3
Rainer Maria,Madison,Wisconsin,WI,1995,2006,43.0822,-89.393,Anthology,Madison:WI,4
The Get Up Kids,Kansas City,Missouri,MO,1995,2005,39.1238,-94.5541,Anthology,Kansas City:MO,5
Christie Front Drive,Denver,Colorado,CO,1993,1997,39.762,-104.8758,Anthology,Denver:CO,3
Knapsack,Davis,California,CA,1993,2000,38.5553,-121.737,Anthology,Davis:CA,4
The Jealous Sound,Los Angeles,California,CA,2000,2017,34.1141,-118.4068,Anthology,Los Angeles:CA,4
Mineral,Houston,Texas,TX,1994,1998,29.786,-95.3885,Anthology,Houston:TX,5
Jimmy Eat World,Mesa,Arizona,AZ,1993,2026,33.4015,-111.7178,Anthology,Mesa:AZ,5
Sense Field,Harbor City,California,CA,1990,2004,33.7899,-118.2975,Anthology,Harbor City:CA,2
Saves the Day,Princeton,New Jersey,NJ,1997,2026,40.3562,-74.6693,Anthology,Princeton:NJ,5
Karate,Boston,Massachusetts,MA,1993,2005,42.3188,-71.0852,Anthology,Boston:MA,1
Cursive,Omaha,Nebraska,NE,1995,2026,41.2627,-96.0529,Anthology,Omaha:NE,4
Foxing,St. Louis,Missouri,MO,2011,2025,38.6359,-90.2451,Anthology,St. Louis:MO,3
Braid,Champaign,Illinois,IL,1993,1999,40.1142,-88.2737,Anthology,Champaign:IL,5
Piebald,Andover,Massachusetts,MA,1994,2008,42.6627,-71.1447,Anthology,Andover:MA,3
Forests,Singapore,Singapore,SG,2014,2026,1.3521,103.8198,Vulture,Singapore:SG,2
Jejune,Boston,Massachusetts,MA,1996,2000,42.3188,-71.0852,Vulture,Boston:MA,2
The Van Pelt,New York City,New York,NY,1993,1997,40.7128,-74.006,Vulture,New York City:NY,3
Copeland,Lakeland,Florida,FL,2001,2010,28.0557,-81.9545,Vulture,Lakeland:FL,1
Panic! at the Disco,Las Vegas,Nevada,NV,2004,2023,36.2333,-115.2654,Vulture,Las Vegas:NV,3
Dads,Piscataway,New Jersey,NJ,2010,2015,40.55,-74.4758,Vulture,Piscataway:NJ,2
Evergreen,Los Angeles,California,CA,1993,1997,34.1141,-118.4068,Vulture,Los Angeles:CA,1
Origami Angel,Washington,District of Columbia,DC,2016,2026,38.9047,-77.0163,Vulture,Washington:DC,1
Crash of Rhinos,Derby,England,UK,2009,2014,52.9225,-1.4746,Vulture,Derby:UK,1
Ethel Meserve,State College,Pennsylvania,PA,1994,1998,40.7909,-77.8567,Vulture,State College:PA,2
Los Campesinos!,Cardiff,Wales,UK,2006,2026,51.4837,-3.1681,Vulture,Cardiff:UK,1
The Used,Orem,Utah,UT,2000,2026,40.2981,-111.6994,Vulture,Orem:UT,3
Shotmaker,Belleville,Ontario,ON,1993,1996,44.164,-77.3825,Vulture,Belleville:ON,1
Empire! Empire! (I Was a Lonely Estate),Fenton,Michigan,MI,2006,2016,42.7994,-83.7144,Vulture,Fenton:MI,1
Hoover,Washington,District of Columbia,DC,1992,1994,38.9047,-77.0163,Vulture,Washington:DC,1
Coheed and Cambria,Nyack,New York,NY,1995,2026,41.0919,-73.9143,Vulture,Nyack:NY,3
The Appleseed Cast,Lawrence,Kansas,KS,1997,2004,38.9597,-95.2642,Vulture,Lawrence:KS,2
Swing Kids,San Diego,California,CA,1994,1997,32.8313,-117.1222,Vulture,San Diego:CA,3
Boys Life,Kansas City,Missouri,MO,1993,1997,39.1238,-94.5541,Vulture,Kansas City:MO,2
One Last Wish,Washington,District of Columbia,DC,1986,1987,38.9047,-77.0163,Vulture,Washington:DC,2
Castevet,New York City,New York,NY,2006,2014,40.7128,-74.006,Vulture,New York City:NY,1
Boilermaker,San Diego,California,CA,1992,2002,32.8313,-117.1222,Vulture,San Diego:CA,2
mewithoutYou,Philadelphia,Pennsylvania,PA,2001,2022,40.0077,-75.1339,Vulture,Philadelphia:PA,2
Heroin,San Diego,California,CA,1989,1993,32.8313,-117.1222,Vulture,San Diego:CA,1
Penfold,Livingston,New Jersey,NJ,1994,2003,40.7824,-74.3151,Vulture,Livingston:NJ,1
La Dispute,Grand Rapids,Michigan,MI,2004,2026,42.9619,-85.6562,Vulture,Grand Rapids:MI,3
Oso Oso,Long Beach,New York,NY,2014,2026,40.5887,-73.666,Vulture,Long Beach:NY,2
Pageninetynine,Sterling,Virginia,VA,1997,2003,39.0052,-77.405,Vulture,Sterling:VA,2
Modern Baseball,Philadelphia,Pennsylvania,PA,2011,2017,40.0077,-75.1339,Vulture,Philadelphia:PA,3
Saetia,New York City,New York,NY,1997,1999,40.7128,-74.006,Vulture,New York City:NY,2
Elliott,Louisville,Kentucky,KY,1995,2003,38.1663,-85.6485,Vulture,Louisville:KY,2
Foxing,St. Louis,Missouri,MO,2011,2025,38.6359,-90.2451,Vulture,St. Louis:MO,3
Gray Matter,Washington,District of Columbia,DC,1983,1986,38.9047,-77.0163,Vulture,Washington:DC,1
Sarge,Champaign,Illinois,IL,1996,2000,40.1142,-88.2737,Vulture,Champaign:IL,1
Knapsack,Davis,California,CA,1993,2000,38.5553,-121.737,Vulture,Davis:CA,4
Fuel,Harrisburg,Pennsylvania,PA,1989,2026,40.2752,-76.8843,Vulture,Harrisburg:PA,1
Glocca Morra,Miami,Florida,FL,2007,2015,25.784,-80.2101,Vulture,Miami:FL,1
Tigers Jaw,Scranton,Pennsylvania,PA,2005,2026,41.4044,-75.6649,Vulture,Scranton:PA,3
Something Corporate,Laguna Niguel,California,CA,1998,2006,33.5275,-117.705,Vulture,Laguna Niguel:CA,1
Weezer,Los Angeles,California,CA,1992,1997,34.1141,-118.4068,Vulture,Los Angeles:CA,2
I Hate Myself,Gainesville,Florida,FL,1996,1997,29.6804,-82.3459,Vulture,Gainesville:FL,2
Say Anything,Los Angeles,California,CA,2000,2018,34.1141,-118.4068,Vulture,Los Angeles:CA,3
The Jazz June,Kutztown,Pennsylvania,PA,1996,2003,40.5212,-75.7772,Vulture,Kutztown:PA,3
Snowing,Lehigh Valley,Pennsylvania,PA,2008,2011,40.5834,-75.5044,Vulture,Lehigh Valley:PA,2
The Anniversary,Lawrence,Kansas,KS,1997,2004,38.9597,-95.2642,Vulture,Lawrence:KS,3
Ignition,Washington,District of Columbia,DC,1986,1989,38.9047,-77.0163,Vulture,Washington:DC,1
The Jealous Sound,Los Angeles,California,CA,2000,2017,34.1141,-118.4068,Vulture,Los Angeles:CA,4
Rainer Maria,Madison,Wisconsin,WI,1995,2006,43.0822,-89.393,Vulture,Madison:WI,4
Lifetime,New Brunswick,New Jersey,NJ,1990,1997,40.487,-74.445,Vulture,New Brunswick:NJ,3
Moss Icon,Annapolis,Maryland,MD,1986,1991,38.9706,-76.5047,Vulture,Annapolis:MD,3
Bright Eyes,Omaha,Nebraska,NE,1995,2011,41.2627,-96.0529,Vulture,Omaha:NE,2
The World Is a Beautiful Place and I Am No Longer Afraid to Die,Willimantic,Connecticut,CT,2009,2026,41.7171,-72.2114,Vulture,Willimantic:CT,2
At the Drive-In,El Paso,Texas,TX,1994,2001,31.8476,-106.43,Vulture,El Paso:TX,4
Jets to Brazil,Brooklyn,New York,NY,1997,2003,40.6501,-73.9496,Vulture,Brooklyn:NY,2
Embrace,Washington,District of Columbia,DC,1985,1986,38.9047,-77.0163,Vulture,Washington:DC,4
My Chemical Romance,Belleville,New Jersey,NJ,2001,2013,40.7874,-74.1529,Vulture,Belleville:NJ,4
Desaparecidos,Omaha,Nebraska,NE,2001,2002,41.2627,-96.0529,Vulture,Omaha:NE,1
Thursday,New Brunswick,New Jersey,NJ,1997,2012,40.487,-74.445,Vulture,New Brunswick:NJ,4
Owls,Chicago,Illinois,IL,2001,2002,41.8375,-87.6866,Vulture,Chicago:IL,3
Texas Is the Reason,New York City,New York,NY,1994,1997,40.7128,-74.006,Vulture,New York City:NY,4
Jimmy Eat World,Mesa,Arizona,AZ,1993,2026,33.4015,-111.7178,Vulture,Mesa:AZ,5
Orchid,Amherst,Massachusetts,MA,1997,2002,42.3757,-72.5199,Vulture,Amherst:MA,3
Saves the Day,Princeton,New Jersey,NJ,1997,2026,40.3562,-74.6693,Vulture,Princeton:NJ,5
Joyce Manor,Torrance,California,CA,2008,2026,33.8346,-118.3416,Vulture,Torrance:CA,2
Braid,Champaign,Illinois,IL,1993,1999,40.1142,-88.2737,Vulture,Champaign:IL,5
Fall Out Boy,Wilmette,Illinois,IL,2001,2009,42.0771,-87.7282,Vulture,Wilmette:IL,4
Death Cab for Cutie,Bellingham,Washington,WA,1997,2026,48.7548,-122.469,Vulture,Bellingham:WA,1
Mineral,Houston,Texas,TX,1994,1998,29.786,-95.3885,Vulture,Houston:TX,5
Dag Nasty,Washington,District of Columbia,DC,1985,1988,38.9047,-77.0163,Vulture,Washington:DC,2
Alkaline Trio,Chicago,Illinois,IL,1996,2026,41.8375,-87.6866,Vulture,Chicago:IL,2
Cursive,Omaha,Nebraska,NE,1995,2026,41.2627,-96.0529,Vulture,Omaha:NE,4
Motion City Soundtrack,Minneapolis,Minnesota,MN,1997,2016,44.9635,-93.2678,Vulture,Minneapolis:MN,2
Don Martin Three,St. Augustine,Florida,FL,1993,1996,29.8976,-81.31,Vulture,St. Augustine:FL,1
Everyone Everywhere,Philadelphia,Pennsylvania,PA,2007,2016,40.0077,-75.1339,Vulture,Philadelphia:PA,1
Drive Like Jehu,San Diego,California,CA,1990,1995,32.8313,-117.1222,Vulture,San Diego:CA,3
Pedro the Lion,Seattle,Washington,WA,1995,2006,47.6211,-122.3244,Vulture,Seattle:WA,2
City of Caterpillar,Richmond,Virginia,VA,2000,2003,37.5295,-77.4756,Vulture,Richmond:VA,2
The Hotelier,Worcester,Massachusetts,MA,2009,2026,42.2705,-71.8079,Vulture,Worcester:MA,3
Dashboard Confessional,Boca Raton,Florida,FL,1999,2011,26.3752,-80.108,Vulture,Boca Raton:FL,5
Taking Back Sunday,Amityville,New York,NY,1999,2026,40.6696,-73.4156,Vulture,Amityville:NY,4
Piebald,Andover,Massachusetts,MA,1994,2008,42.6627,-71.1447,Vulture,Andover:MA,3
Indian Summer,Oakland,California,CA,1993,1994,37.7904,-122.2166,Vulture,Oakland:CA,3
Christie Front Drive,Denver,Colorado,CO,1993,1997,39.762,-104.8758,Vulture,Denver:CO,3
Straylight Run,Baldwin,New York,NY,2003,2010,40.6511,-73.6075,Vulture,Baldwin:NY,2
Jawbox,Washington,District of Columbia,DC,1989,1997,38.9047,-77.0163,Vulture,Washington:DC,2
The Promise Ring,Milwaukee,Wisconsin,WI,1995,2002,43.0642,-87.9675,Vulture,Milwaukee:WI,5
The Get Up Kids,Kansas City,Missouri,MO,1995,2005,39.1238,-94.5541,Vulture,Kansas City:MO,5
Sunny Day Real Estate,Seattle,Washington,WA,1992,1995,47.6211,-122.3244,Vulture,Seattle:WA,4
Hop Along,Philadelphia,Pennsylvania,PA,2005,2026,40.0077,-75.1339,Vulture,Philadelphia:PA,1
Algernon Cadwallader,Yardley,Pennsylvania,PA,2005,2012,40.2408,-74.8386,Vulture,Yardley:PA,3
Rites of Spring,Washington,District of Columbia,DC,1983,1986,38.9047,-77.0163,Vulture,Washington:DC,4
Paramore,Franklin,Tennessee,TN,2004,2025,35.92,-86.8516,Vulture,Franklin:TN,3
Cap'n Jazz,Buffalo Grove,Illinois,IL,1989,1995,42.1675,-87.9615,Vulture,Buffalo Grove:IL,5
Jawbreaker,East Bay,California,CA,1986,1996,37.8272,-122.2913,Vulture,East Bay:CA,4
American Football,Champaign-Urbana,Illinois,IL,1997,2000,40.1163,-88.2435,Vulture,Champaign-Urbana:IL,5
The Promise Ring,Milwaukee,Wisconsin,WI,1995,2002,43.0642,-87.9675,ENAO,Milwaukee:WI,5
The Get Up Kids,Kansas City,Missouri,MO,1995,2005,39.1238,-94.5541,ENAO,Kansas City:MO,5
Braid,Champaign,Illinois,IL,1993,1999,40.1142,-88.2737,ENAO,Champaign:IL,5
Texas Is the Reason,New York City,New York,NY,1994,1998,40.7128,-74.006,ENAO,New York City:NY,4
Mineral,Houston,Texas,TX,1994,1998,29.786,-95.3885,ENAO,Houston:TX,5
Cap'n Jazz,Buffalo Grove,Illinois,IL,1989,1995,42.1675,-87.9615,ENAO,Buffalo Grove:IL,5
Christie Front Drive,Denver,Colorado,CO,1993,1997,39.762,-104.8758,ENAO,Denver:CO,3
You Blew It!,Orlando,Florida,FL,2009,2017,28.4773,-81.337,ENAO,Orlando:FL,1
Sunny Day Real Estate,Seattle,Washington,WA,1992,1995,47.6211,-122.3244,ENAO,Seattle:WA,4
Saves the Day,Princeton,New Jersey,NJ,1997,2026,40.3562,-74.6693,ENAO,Princeton:NJ,5
Jawbreaker,East Bay,California,CA,1986,1996,37.8272,-122.2913,ENAO,East Bay:CA,4
Thursday,New Brunswick,New Jersey,NJ,1997,2012,40.487,-74.445,ENAO,New Brunswick:NJ,4
Hey Mercedes,Milwaukee,Wisconsin,WI,1999,2005,43.0642,-87.9675,ENAO,Milwaukee:WI,1
The World Is A Beautiful Place and I Am No Longer Afraid To Die,Willimantic,Connecticut,CT,2009,2026,41.7171,-72.2114,ENAO,Willimantic:CT,2
Tigers Jaw,Scranton,Pennsylvania,PA,2005,2026,41.4044,-75.6649,ENAO,Scranton:PA,3
Rainer Maria,Madison,Wisconsin,WI,1995,2006,43.0822,-89.393,ENAO,Madison:WI,4
Jets To Brazil,Brooklyn,New York,NY,1997,2003,40.6501,-73.9496,ENAO,Brooklyn:NY,2
Piebald,Andover,Massachusetts,MA,1994,2008,42.6627,-71.1447,ENAO,Andover:MA,3
The Hotelier,Worcester,Massachusetts,MA,2009,2026,42.2705,-71.8079,ENAO,Worcester:MA,3
The Jazz June,Kutztown,Pennsylvania,PA,1996,2003,40.5212,-75.7772,ENAO,Kutztown:PA,3
Rites of Spring,Washington,District of Columbia,DC,1983,1986,38.9047,-77.0163,ENAO,Washington:DC,4
Knapsack,Davis,California,CA,1993,2000,38.5553,-121.737,ENAO,Davis:CA,4
Into It. Over It.,Chicago,Illinois,IL,2007,2026,41.8375,-87.6866,ENAO,Chicago:IL,3
American Football,Champaign-Urbana,Illinois,IL,1997,2000,40.1163,-88.2435,ENAO,Champaign-Urbana:IL,5
Dads,Piscataway,New Jersey,NJ,2010,2015,40.55,-74.4758,ENAO,Piscataway:NJ,2
Joan of Arc,Chicago,Illinois,IL,1995,2020,41.8375,-87.6866,ENAO,Chicago:IL,2
The Movielife,Long Island,New York,NY,1997,2003,40.7128,-74.006,ENAO,Long Island:NY,1
Tiny Moving Parts,Benson,Minnesota,MN,2008,2026,45.3152,-95.6058,ENAO,Benson:MN,1
The Wonder Years,Landsdale,Pennsylvania,PA,2005,2026,40.2415,-75.2838,ENAO,Landsdale:PA,2
Joyce Manor,Torrance,California,CA,2008,2026,33.8346,-118.3416,ENAO,Torrance:CA,2
Marietta,Philadelphia,Pennsylvania,PA,2011,2015,40.0077,-75.1339,ENAO,Philadelphia:PA,1
Elliott,Louisville,Kentucky,KY,1995,2003,38.1663,-85.6485,ENAO,Louisville:KY,2
The Anniversary,Lawrence,Kansas,KS,1997,2004,38.9597,-95.2642,ENAO,Lawrence:KS,3
Free Throw,Nashville,Tennessee,TN,2012,2026,36.1715,-86.7842,ENAO,Nashville:TN,1
The Appleseed Cast,Lawrence,Kansas,KS,1997,2004,38.9597,-95.2642,ENAO,Lawrence:KS,2
Foxing,St. Louis,Missouri,MO,2011,2025,38.6359,-90.2451,ENAO,St. Louis:MO,3
Balance And Composure,Doylestown,Pennsylvania,PA,2007,2019,40.3101,-75.1299,ENAO,Doylestown:PA,1
The Casket Lottery,Kansas City,Missouri,MO,1998,2004,39.1238,-94.5541,ENAO,Kansas City:MO,1
The Gloria Record,Austin,Texas,TX,1997,2004,30.3005,-97.7522,ENAO,Austin:TX,1
Pet Symmetry,Chicago,Illinois,IL,2012,2026,41.8375,-87.6866,ENAO,Chicago:IL,1
Modern Baseball,Philadelphia,Pennsylvania,PA,2011,2017,40.0077,-75.1339,ENAO,Philadelphia:PA,3
The Juliana Theory,Greensburg,Pennsylvania,PA,1997,2006,40.3113,-79.5445,ENAO,Greensburg:PA,1
Lifetime,New Brunswick,New Jersey,NJ,1990,1997,40.487,-74.445,ENAO,New Brunswick:NJ,3
Alkaline Trio,Chicago,Illinois,IL,1996,2026,41.8375,-87.6866,ENAO,Chicago:IL,2
Touché Amoré,Los Angeles,California,CA,2007,2026,34.1141,-118.4068,ENAO,Los Angeles:CA,2
Indian Summer,Oakland,California,CA,1993,1994,37.7904,-122.2166,ENAO,Oakland:CA,3
Cursive,Omaha,Nebraska,NE,1995,2026,41.2627,-96.0529,ENAO,Omaha:NE,4
Old Gray,Hooksett,New Hampshire,NH,2011,2018,43.0463,-71.4365,ENAO,Hooksett:NH,1
Taking Back Sunday,Amityville,New York,NY,1999,2026,40.6696,-73.4156,ENAO,Amityville:NY,4
Boys Life,Kansas City,Missouri,MO,1993,1997,39.1238,-94.5541,ENAO,Kansas City:MO,2
Small Brown Bike,Marshall,Michigan,MI,1996,2004,42.2618,-84.9598,ENAO,Marshall:MI,1
Orchid,Amherst,Massachusetts,MA,1997,2002,42.3757,-72.5199,ENAO,Amherst:MA,3
Seahaven,Torrance,California,CA,2009,2026,33.8346,-118.3416,ENAO,Torrance:CA,1
Owen,Chicago,Illinois,IL,2001,2026,41.8375,-87.6866,ENAO,Chicago:IL,2
Hot Rod Circuit,Auburn,Alabama,AL,1997,2007,32.6087,-85.4903,ENAO,Auburn:AL,1
Sorority Noise,Hartford,Connecticut,CT,2013,2018,41.7661,-72.6834,ENAO,Hartford:CT,2
Oso Oso,Long Beach,New York,NY,2014,2026,40.5887,-73.666,ENAO,Long Beach:NY,2
Samiam,Berkeley,California,CA,1988,2001,37.8722,-122.276,ENAO,Berkeley:CA,1
Pianos Become The Teeth,Baltimore,Maryland,MD,2006,2026,39.3051,-76.6144,ENAO,Baltimore:MD,1
Prince Daddy & the Hyena,Albany,New York,NY,2014,2026,42.6664,-73.7987,ENAO,Albany:NY,1
Planes Mistaken For Stars,Peoria,Illinois,IL,1997,2008,40.752,-89.6154,ENAO,Peoria:IL,1
Further Seems Forever,Pompano Beach,Florida,FL,1998,2006,26.2428,-80.1312,ENAO,Pompano Beach:FL,2
I Hate Myself,Gainesville,Florida,FL,1996,1997,29.6804,-82.3459,ENAO,Gainesville:FL,2
The Starting Line,Churchville,Pennsylvania,PA,1999,2008,40.1922,-74.9982,ENAO,Churchville:PA,1
Brand New,Long Island,New York,NY,2000,2017,40.7128,-74.006,ENAO,Long Island:NY,3
Mom Jeans.,Berkeley,California,CA,2014,2026,37.8722,-122.276,ENAO,Berkeley:CA,1
Saetia,New York City,New York,NY,1997,1999,40.7128,-74.006,ENAO,New York City:NY,2
Hot Water Music,Gainesville,Florida,FL,1994,2006,29.6804,-82.3459,ENAO,Gainesville:FL,1
The Jealous Sound,Los Angeles,California,CA,2000,2017,34.1141,-118.4068,ENAO,Los Angeles:CA,4
Pageninetynine,Sterling,Virginia,VA,1997,2003,39.0052,-77.405,ENAO,Sterling:VA,2
Pity Sex,Ann Arbor,Michigan,MI,2011,2016,42.2759,-83.731,ENAO,Ann Arbor:MI,1
Reggie And The Full Effect,Kansas City,Missouri,MO,1998,2008,39.1238,-94.5541,ENAO,Kansas City:MO,1
Armor For Sleep,Teaneck,New Jersey,NJ,2001,2009,40.8845,-74.008,ENAO,Teaneck:NJ,1
Sense Field,Harbor City,California,CA,1990,2004,33.7899,-118.2975,ENAO,Harbor City:CA,2
Finch,Temecula,California,CA,1999,2006,33.4928,-117.1315,ENAO,Temecula:CA,1
Dashboard Confessional,Boca Raton,Florida,FL,1999,2011,26.3752,-80.108,ENAO,Boca Raton:FL,5
Swing Kids,San Diego,California,CA,1994,1997,32.8313,-117.1222,ENAO,San Diego:CA,3
The Early November,Hammonton,New Jersey,NJ,2001,2007,39.6572,-74.7678,ENAO,Hammonton:NJ,1
Midtown,New Brunswick,New Jersey,NJ,1998,2005,40.487,-74.445,ENAO,New Brunswick:NJ,1
Pedro the Lion,Seattle,Washington,WA,1995,2006,47.6211,-122.3244,ENAO,Seattle:WA,2
Polar Bear Club,Rochester,New York,NY,2005,2014,43.168,-77.6162,ENAO,Rochester:NY,1
Moss Icon,Annapolis,Maryland,MD,1986,1991,38.9706,-76.5047,ENAO,Annapolis:MD,3
Senses Fail,Ridgewood,New Jersey,NJ,2001,2026,40.9821,-74.1127,ENAO,Ridgewood:NJ,2
Microwave,Atlanta,Georgia,GA,2012,2026,33.7628,-84.422,ENAO,Atlanta:GA,2
At the Drive-In,El Paso,Texas,TX,1994,2001,31.8476,-106.43,ENAO,El Paso:TX,4
Drive Like Jehu,San Diego,California,CA,1990,1995,32.8313,-117.1222,ENAO,San Diego:CA,3
Citizen,Toledo,Ohio,OH,2009,2026,41.6638,-83.5827,ENAO,Toledo:OH,1
Embrace,Washington,District of Columbia,DC,1985,1986,38.9047,-77.0163,ENAO,Washington:DC,4
PUP,Toronto,Ontario,ON,2010,2026,43.6548,-79.3884,ENAO,Toronto:ON,1
Moose Blood,Canterbury,Kent,EG,2012,2018,51.277,1.0838,ENAO,Canterbury:EG,1
City of Caterpillar,Richmond,Virginia,VA,2000,2003,37.5295,-77.4756,ENAO,Richmond:VA,2
Say Anything,Los Angeles,California,CA,2000,2018,34.1141,-118.4068,ENAO,Los Angeles:CA,3
Real Friends,Tinley Park,Illinois,IL,2010,2026,41.567,-87.8049,ENAO,Tinley Park:IL,1
The Menzingers,Scranton,Pennsylvania,PA,2006,2026,41.4044,-75.6649,ENAO,Scranton:PA,1
Have Mercy,Baltimore,Maryland,MD,2009,2020,39.3051,-76.6144,ENAO,Baltimore:MD,1
Rival Schools,New York City,New York,NY,1999,2003,40.7128,-74.006,ENAO,New York City:NY,1
Grade,Burlington,Ontario,ON,1994,2002,43.3255,-79.799,ENAO,Burlington:ON,1
Boilermaker,San Diego,California,CA,1992,2002,32.8313,-117.1222,ENAO,San Diego:CA,2
Man Overboard,Mt. Laurel,New Jersey,NJ,2008,2016,39.9242,-74.95,ENAO,Mt. Laurel:NJ,1
The Academy Is...,Chicago,Illinois,IL,2003,2011,41.8375,-87.6866,ENAO,Chicago:IL,1
The Ataris,Anderson,Indiana,IN,1996,2009,40.0891,-85.6892,ENAO,Anderson:IN,1
The Front Bottoms,Woodcliff Lake,New Jersey,NJ,2006,2026,41.0253,-74.0604,ENAO,Woodcliff Lake:NJ,2
Jimmy Eat World,Mesa,Arizona,AZ,1993,2026,33.4015,-111.7178,ENAO,Mesa:AZ,5
Bayside,Queens,New York,NY,2000,2026,40.7498,-73.7976,ENAO,Queens:NY,1
Motion City Soundtrack,Minneapolis,Minnesota,MN,1997,2016,44.9635,-93.2678,ENAO,Minneapolis:MN,2
Portraits of Past,San Francisco,California,CA,1993,1995,37.7558,-122.4449,ENAO,San Francisco:CA,1
Title Fight,Kingston,Pennsylvania,PA,2003,2018,41.2652,-75.8876,ENAO,Kingston:PA,1
Transit,Stoneham,Massachusetts,MA,2006,2016,42.4817,-71.1002,ENAO,Stoneham:MA,1
The Saddest Landscape,Boston,Massachusetts,MA,2002,2005,42.3188,-71.0852,ENAO,Boston:MA,1
The New Amsterdams,Lawrence,Kansas,KS,2000,2014,38.9597,-95.2642,ENAO,Lawrence:KS,1
La Dispute,Grand Rapids,Michigan,MI,2004,2026,42.9619,-85.6562,ENAO,Grand Rapids:MI,3
Jawbox,Washington,District of Columbia,DC,1989,1997,38.9047,-77.0163,ENAO,Washington:DC,2
Knuckle Puck,Chicago,Illinois,IL,2010,2026,41.8375,-87.6866,ENAO,Chicago:IL,1
Jejune,Boston,Massachusetts,MA,1996,2000,42.3188,-71.0852,ENAO,Boston:MA,2
The Lawrence Arms,Chicago,Illinois,IL,1999,2026,41.8375,-87.6866,ENAO,Chicago:IL,1
It Looks Sad.,Charlotte,North Carolina,NC,2012,2026,35.2083,-80.8303,ENAO,Charlotte:NC,1
The Story So Far,Walnut Creek,California,CA,2007,2026,37.9024,-122.0399,ENAO,Walnut Creek:CA,1
One Last Wish,Washington,District of Columbia,DC,1986,1987,38.9047,-77.0163,ENAO,Washington:DC,2
Bear Vs. Shark,Highland,Michigan,MI,2001,2005,42.6381,-83.6172,ENAO,Highland:MI,1
Moneen,Brampton,Ontario,ON,1999,2026,43.6882,-79.763,ENAO,Brampton:ON,1
Remo Drive,Bloomington,Minnesota,MN,2013,2026,44.8306,-93.3151,ENAO,Bloomington:MN,1
Basement,Ipswich,Suffolk,EG,2009,2012,52.0597,1.1481,ENAO,Ipswich:EG,2
Slaughter Beach* Dog,Philadelphia,Pennsylvania,PA,2014,2026,40.0077,-75.1339,ENAO,Philadelphia:PA,1
mewithoutYou,Philadelphia,Pennsylvania,PA,2001,2022,40.0077,-75.1339,ENAO,Philadelphia:PA,2
Somos,Boston,Massachusetts,MA,2012,2016,42.3188,-71.0852,ENAO,Boston:MA,1
Mat Kerekes,Toledo,Ohio,OH,2011,2026,41.6638,-83.5827,ENAO,Toledo:OH,1
Glassjaw,Hempstead,New York,NY,1993,2026,40.7061,-73.6188,ENAO,Hempstead:NY,1
Sparta,El Paso,Texas,TX,2001,2008,31.8476,-106.43,ENAO,El Paso:TX,1
Fiddlehead,Boston,Massachusetts,MA,2014,2026,42.3188,-71.0852,ENAO,Boston:MA,1
Ethel Meserve,State College,Pennsylvania,PA,1994,1998,40.7909,-77.8567,ENAO,State College:PA,2
Defeater,Boston,Massachusetts,MA,2008,2026,42.3188,-71.0852,ENAO,Boston:MA,1
Straylight Run,Baldwin,New York,NY,2003,2010,40.6511,-73.6075,ENAO,Baldwin:NY,2
Turnover,Virginia Beach,Virginia,VA,2009,2026,36.7335,-76.0435,ENAO,Virginia Beach:VA,2
Q And Not U,Washington,District of Columbia,DC,1998,2005,38.9047,-77.0163,ENAO,Washington:DC,1
Hot Mulligan,Lansing,Michigan,MI,2014,2026,42.7142,-84.5601,ENAO,Lansing:MI,1
Such Gold,Rochester,New York,NY,2009,2026,43.168,-77.6162,ENAO,Rochester:NY,1
Fireworks,Detroit,Michigan,MI,2004,2015,42.3834,-83.1024,ENAO,Detroit:MI,1
Can't Swim,Keansburg,New Jersey,NJ,2015,2026,40.4469,-74.1315,ENAO,Keansburg:NJ,1
Loma Prieta,San Francisco,California,CA,2005,2026,37.7558,-122.4449,ENAO,San Francisco:CA,1
The Obsessives,Washington,District of Columbia,DC,2013,2026,38.9047,-77.0163,ENAO,Washington:DC,1
I Am The Avalanche,Brooklyn,New York,NY,2004,2026,40.6501,-73.9496,ENAO,Brooklyn:NY,1
Aaron West and The Roaring Twenties,Philadelphia,Pennsylvania,PA,2014,2026,40.0077,-75.1339,ENAO,Philadelphia:PA,1
Circa Survive,Philadelphia,Pennsylvania,PA,2004,2022,40.0077,-75.1339,ENAO,Philadelphia:PA,1
Boys Night Out,Burlington,Ontario,ON,2001,2016,43.3255,-79.799,ENAO,Burlington:ON,1
Jank,Philadelphia,Pennsylvania,PA,2015,2016,40.0077,-75.1339,ENAO,Philadelphia:PA,1
Drug Church,Albany,New York,NY,2011,2026,42.6664,-73.7987,ENAO,Albany:NY,1
Hot Cross,Philadelphia,Pennsylvania,PA,2000,2007,40.0077,-75.1339,ENAO,Philadelphia:PA,1
No Knife,San Diego,California,CA,1993,2003,32.8313,-117.1222,ENAO,San Diego:CA,1
Dismemberment Plan,Washington,District of Columbia,DC,1993,2003,38.9047,-77.0163,ENAO,Washington:DC,1
Engine Down,Richmond,Virginia,VA,1996,2005,37.5295,-77.4756,ENAO,Richmond:VA,1
Head Automatica,Brooklyn,New York,NY,2003,2012,40.6501,-73.9496,ENAO,Brooklyn:NY,1
Burning Airlines,Washington,District of Columbia,DC,1997,2002,38.9047,-77.0163,ENAO,Washington:DC,1
Twelve Hour Turn,Jacksonville,Florida,FL,1996,2002,30.3322,-81.6749,ENAO,Jacksonville:FL,1
Brandtson,Cleveland,Ohio,OH,1996,2008,41.4764,-81.6805,ENAO,Cleveland:OH,1
Pretty Girls Make Graves,Seattle,Washington,WA,2001,2007,47.6211,-122.3244,ENAO,Seattle:WA,1
Northstar,Huntsville,Alabama,AL,1997,2005,34.6981,-86.6412,ENAO,Huntsville:AL,1
Quicksand,New York City,New York,NY,1990,1995,40.7128,-74.006,ENAO,New York City:NY,1
Fairweather,Fairfax,Virginia,VA,1999,2003,38.8531,-77.2997,ENAO,Fairfax:VA,1
The Forecast,Peoria,Illinois,IL,2001,2017,40.752,-89.6154,ENAO,Peoria:IL,1
My Chemical Romance,Belleville,New Jersey,NJ,2001,2013,40.7874,-74.1529,ENAO,Belleville:NJ,4
Jeremy Enigk,Seattle,Washington,WA,1996,2026,47.6211,-122.3244,ENAO,Seattle:WA,1
Chamberlain,Bloomington,Indiana,IN,1989,2000,39.1637,-86.5257,ENAO,Bloomington:IN,1
Vitreous Humor,Topeka,Kansas,KS,1990,1996,39.0346,-95.6955,ENAO,Topeka:KS,1
Fall Out Boy,Wilmette,Illinois,IL,2001,2009,42.0771,-87.7282,ENAO,Wilmette:IL,4
The Van Pelt,New York City,New York,NY,1993,1997,40.7128,-74.006,ENAO,New York City:NY,3
Forests,Singapore,Singapore,SG,2014,2026,1.3521,103.8198,ENAO,Singapore:SG,2
The Format,Peoria,Arizona,AZ,2002,2008,33.7843,-112.2989,ENAO,Peoria:AZ,1
Boy Rex,Traverse City,Michigan,MI,2015,2019,44.7546,-85.6038,ENAO,Traverse City:MI,1
Love of Everything,Chicago,Illinois,IL,2003,2013,41.8375,-87.6866,ENAO,Chicago:IL,1
The Used,Orem,Utah,UT,2000,2026,40.2981,-111.6994,RStone,Orem:UT,3
Panic! at the Disco,Las Vegas,Nevada,NV,2004,2023,36.2333,-115.2654,RStone,Las Vegas:NV,3
Into It. Over It.,Chicago,Illinois,IL,2007,2026,41.8375,-87.6866,RStone,Chicago:IL,3
Indian Summer,Oakland,California,CA,1993,1994,37.7904,-122.2166,RStone,Oakland:CA,3
Orchid,Amherst,Massachusetts,MA,1997,2002,42.3757,-72.5199,RStone,Amherst:MA,3
Coheed and Cambria,Nyack,New York,NY,1995,2026,41.0919,-73.9143,RStone,Nyack:NY,3
Owls,Chicago,Illinois,IL,2001,2002,41.8375,-87.6866,RStone,Chicago:IL,3
The Jazz June,Kutztown,Pennsylvania,PA,1996,2003,40.5212,-75.7772,RStone,Kutztown:PA,3
Algernon Cadwallader,Yardley,Pennsylvania,PA,2005,2012,40.2408,-74.8386,RStone,Yardley:PA,3
The Jealous Sound,Los Angeles,California,CA,2000,2017,34.1141,-118.4068,RStone,Los Angeles:CA,4
Moss Icon,Annapolis,Maryland,MD,1986,1991,38.9706,-76.5047,RStone,Annapolis:MD,3
Brand New,Long Island,New York,NY,2000,2017,40.7128,-74.006,RStone,Long Island:NY,3
Paramore,Franklin,Tennessee,TN,2004,2025,35.92,-86.8516,RStone,Franklin:TN,3
Dashboard Confessional,Boca Raton,Florida,FL,1999,2011,26.3752,-80.108,RStone,Boca Raton:FL,5
Rainer Maria,Madison,Wisconsin,WI,1995,2006,43.0822,-89.393,RStone,Madison:WI,4
Cursive,Omaha,Nebraska,NE,1995,2026,41.2627,-96.0529,RStone,Omaha:NE,4
Embrace,Washington,District of Columbia,DC,1985,1986,38.9047,-77.0163,RStone,Washington:DC,4
Taking Back Sunday,Amityville,New York,NY,1999,2026,40.6696,-73.4156,RStone,Amityville:NY,4
Say Anything,Los Angeles,California,CA,2000,2018,34.1141,-118.4068,RStone,Los Angeles:CA,3
The Get Up Kids,Kansas City,Missouri,MO,1995,2005,39.1238,-94.5541,RStone,Kansas City:MO,5
At the Drive-In,El Paso,Texas,TX,1994,2001,31.8476,-106.43,RStone,El Paso:TX,4
Saves the Day,Princeton,New Jersey,NJ,1997,2026,40.3562,-74.6693,RStone,Princeton:NJ,5
Mineral,Houston,Texas,TX,1994,1998,29.786,-95.3885,RStone,Houston:TX,5
Drive Like Jehu,San Diego,California,CA,1990,1995,32.8313,-117.1222,RStone,San Diego:CA,3
Dag Nasty,Washington,District of Columbia,DC,1985,1988,38.9047,-77.0163,RStone,Washington:DC,2
Weezer,Los Angeles,California,CA,1992,1997,34.1141,-118.4068,RStone,Los Angeles:CA,2
Jimmy Eat World,Mesa,Arizona,AZ,1993,2026,33.4015,-111.7178,RStone,Mesa:AZ,5
Texas Is the Reason,New York City,New York,NY,1994,1998,40.7128,-74.006,RStone,New York City:NY,4
Thursday,New Brunswick,New Jersey,NJ,1997,2012,40.487,-74.445,RStone,New Brunswick:NJ,4
My Chemical Romance,Belleville,New Jersey,NJ,2001,2013,40.7874,-74.1529,RStone,Belleville:NJ,4
Fall Out Boy,Wilmette,Illinois,IL,2001,2009,42.0771,-87.7282,RStone,Wilmette:IL,4
Cap'n Jazz,Buffalo Grove,Illinois,IL,1989,1995,42.1675,-87.9615,RStone,Buffalo Grove:IL,5
American Football,Champaign-Urbana,Illinois,IL,1997,2000,40.1163,-88.2435,RStone,Champaign-Urbana:IL,5
Braid,Champaign,Illinois,IL,1993,1999,40.1142,-88.2737,RStone,Champaign:IL,5
Jawbreaker,East Bay,California,CA,1986,1996,37.8272,-122.2913,RStone,East Bay:CA,4
The Promise Ring,Milwaukee,Wisconsin,WI,1995,2002,43.0642,-87.9675,RStone,Milwaukee:WI,5
Rites of Spring,Washington,District of Columbia,DC,1983,1986,38.9047,-77.0163,RStone,Washington:DC,4
Sunny Day Real Estate,Seattle,Washington,WA,1992,1995,47.6211,-122.3244,RStone,Seattle:WA,4
Basement,Ipswich,Suffolk,EG,2009,2012,52.0597,1.1481,AltPress,Ipswich:EG,2
The Front Bottoms,Woodcliff Lake,New Jersey,NJ,2006,2026,41.0253,-74.0604,AltPress,Woodcliff Lake:NJ,2
The Hotelier,Worcester,Massachusetts,MA,2009,2026,42.2705,-71.8079,AltPress,Worcester:MA,3
Julien Baker,Murfreesboro,Tennessee,TN,2015,2026,35.849,-86.4121,AltPress,Murfreesboro:TN,1
Microwave,Atlanta,Georgia,GA,2012,2026,33.7628,-84.422,AltPress,Atlanta:GA,2
Modern Chemistry,Asbury Park,New Jersey,NJ,2013,2026,40.2226,-74.0119,AltPress,Asbury Park:NJ,1
Nothing*Nowhere,Burlington,Vermont,VT,2015,2026,44.4876,-73.2316,AltPress,Burlington:VT,1
Sleep On It,Chicago,Illinois,IL,2012,2020,41.8375,-87.6866,AltPress,Chicago:IL,1
Sorority Noise,Hartford,Connecticut,CT,2013,2018,41.7661,-72.6834,AltPress,Hartford:CT,2
Turnover,Virginia Beach,Virginia,VA,2009,2026,36.7335,-76.0435,AltPress,Virginia Beach:VA,2
American Football,Champaign-Urbana,Illinois,IL,1997,2000,40.1163,-88.2435,AltPress,Champaign-Urbana:IL,5
Braid,Champaign,Illinois,IL,1993,1999,40.1142,-88.2737,AltPress,Champaign:IL,5
Brand New,Long Island,New York,NY,2000,2017,40.7128,-74.006,AltPress,Long Island:NY,3
Dashboard Confessional,Boca Raton,Florida,FL,1999,2011,26.3752,-80.108,AltPress,Boca Raton:FL,5
Cap'n Jazz,Buffalo Grove,Illinois,IL,1989,1995,42.1675,-87.9615,AltPress,Buffalo Grove:IL,5
The Get Up Kids,Kansas City,Missouri,MO,1995,2005,39.1238,-94.5541,AltPress,Kansas City:MO,5
Jimmy Eat World,Mesa,Arizona,AZ,1993,2026,33.4015,-111.7178,AltPress,Mesa:AZ,5
Panic! at the Disco,Las Vegas,Nevada,NV,2004,2015,36.2333,-115.2654,AltPress,Las Vegas:NV,3
My Chemical Romance,Belleville,New Jersey,NJ,2001,2013,40.7874,-74.1529,AltPress,Belleville:NJ,4
The Promise Ring,Milwaukee,Wisconsin,WI,1995,2002,43.0642,-87.9675,AltPress,Milwaukee:WI,5
Rites of Spring,Washington,District of Columbia,DC,1983,1986,38.9047,-77.0163,AltPress,Washington:DC,4
Sunny Day Real Estate,Seattle,Washington,WA,1992,1995,47.6211,-122.3244,AltPress,Seattle:WA,4
Saves the Day,Princeton,New Jersey,NJ,1997,2026,40.3562,-74.6693,AltPress,Princeton:NJ,5
Embrace,Washington,District of Columbia,DC,1985,1986,38.9047,-77.0163,AltPress,Washington:DC,4
Fugazi,Washington,District of Columbia,DC,1986,2003,38.9047,-77.0163,AltPress,Washington:DC,1
Antioch Arrow,San Diego,California,CA,1992,1994,32.8313,-117.1222,AltPress,San Diego:CA,1
Swing Kids,San Diego,California,CA,1994,1997,32.8313,-117.1222,AltPress,San Diego:CA,3
Jawbreaker,East Bay,California,CA,1986,1996,37.8272,-122.2913,AltPress,East Bay:CA,4
Joan of Arc,Chicago,Illinois,IL,1995,2020,41.8375,-87.6866,AltPress,Chicago:IL,2
Mineral,Houston,Texas,TX,1994,1998,29.786,-95.3885,AltPress,Houston:TX,5
Thursday,New Brunswick,New Jersey,NJ,1997,2012,40.487,-74.445,AltPress,New Brunswick:NJ,4
At the Drive-In,El Paso,Texas,TX,1994,2001,31.8476,-106.43,AltPress,El Paso:TX,4
Further Seems Forever,Pompano Beach,Florida,FL,1998,2006,26.2428,-80.1312,AltPress,Pompano Beach:FL,2
Bright Eyes,Omaha,Nebraska,NE,1995,2011,41.2627,-96.0529,AltPress,Omaha:NE,2
Coheed and Cambria,Nyack,New York,NY,1995,2026,41.0919,-73.9143,AltPress,Nyack:NY,3
The Anniversary,Lawrence,Kansas,KS,1997,2004,38.9597,-95.2642,AltPress,Lawrence:KS,3
The Faint,Omaha,Nebraska,NE,1995,2026,41.2627,-96.0529,AltPress,Omaha:NE,1
Atreyu,Yorba Linda,California,CA,1998,2011,33.889,-117.7714,AltPress,Yorba Linda:CA,1
Eighteen Visions,Orange Count,California,CA,1995,2007,33.7175,-117.8311,AltPress,Orange Count:CA,1
Avenged Sevenfold,Huntington Beach,California,CA,1999,2026,33.696,-118.0018,AltPress,Huntington Beach:CA,1
At the Gates,Gothenburg,Sweden,SW,1990,1996,57.7089,11.9746,AltPress,Gothenburg:SW,1
The Used,Orem,Utah,UT,2000,2026,40.2981,-111.6994,AltPress,Orem:UT,3
Senses Fail,Ridgewood,New Jersey,NJ,2001,2026,40.9821,-74.1127,AltPress,Ridgewood:NJ,2
Fall Out Boy,Wilmette,Illinois,IL,2001,2009,42.0771,-87.7282,AltPress,Wilmette:IL,4
Lifetime,New Brunswick,New Jersey,NJ,1990,1997,40.487,-74.445,AltPress,New Brunswick:NJ,3
The Stereo,Pheonix,Arizona,AZ,1999,2004,33.5722,-112.0892,AltPress,Pheonix:AZ,1
Underoath,Tampa,Florida,FL,1997,2013,27.9945,-82.4447,AltPress,Tampa:FL,1
The Maine,Tempe,Arizona,AZ,2007,2026,33.3881,-111.9319,AltPress,Tempe:AZ,1
Every Avenue,Marysville,Michigan,MI,2003,2012,42.9084,-82.4806,AltPress,Marysville:MI,1
Boys Like Girls,Andover,Massachusetts,MA,2005,2026,42.6627,-71.1447,AltPress,Andover:MA,1
Forever the Sickest Kids,Dallas,Texas,TX,2006,2013,32.7935,-96.7667,AltPress,Dallas:TX,1
Paramore,Franklin,Tennessee,TN,2004,2025,35.92,-86.8516,AltPress,Franklin:TN,3
Attack! Attack!,Westerville,Ohio,OH,2007,2013,40.1241,-82.921,AltPress,Westerville:OH,1
Escape the Fate,Pahrump,Nevada,NV,2004,2026,36.2235,-115.9974,AltPress,Pahrump:NV,1
The Secret Handshake,Dallas,Texas,TX,2004,2011,32.7935,-96.7667,AltPress,Dallas:TX,1
PlayRadioPlay!,Aledo,Texas,TX,2005,2016,32.6974,-97.6069,AltPress,Aledo:TX,1
Never Shout Never,Joplin,Missouri,MO,2007,2019,37.0757,-94.5018,AltPress,Joplin:MO,1
Dance Gavin Dance,Sacramento,California,CA,2005,2026,38.5677,-121.4685,AltPress,Sacramento:CA,1
The Mars Volta,El Paso,Texas,TX,2001,2013,31.8476,-106.43,AltPress,El Paso:TX,1
Algernon Cadwallader,Yardley,Pennsylvania,PA,2005,2012,40.2408,-74.8386,AltPress,Yardley:PA,3
Snowing,Lehigh Valley,Pennsylvania,PA,2008,2011,40.5834,-75.5044,AltPress,Lehigh Valley:PA,2
The Wonder Years,Landsdale,Pennsylvania,PA,2005,2026,40.2415,-75.2838,AltPress,Landsdale:PA,2
Into It. Over It.,Chicago,Illinois,IL,2007,2026,41.8375,-87.6866,AltPress,Chicago:IL,3
La Dispute,Grand Rapids,Michigan,MI,2004,2026,42.9619,-85.6562,AltPress,Grand Rapids:MI,3
Touché Amoré,Los Angeles,California,CA,2007,2026,34.1141,-118.4068,AltPress,Los Angeles:CA,2
Tigers Jaw,Scranton,Pennsylvania,PA,2005,2026,41.4044,-75.6649,AltPress,Scranton:PA,3
Knapsack,Davis,California,CA,1993,2000,38.5553,-121.737,AltPress,Davis:CA,4
Taking Back Sunday,Amityville,New York,NY,1999,2026,40.6696,-73.4156,AltPress,Amityville:NY,4
Modern Baseball,Philadelphia,Pennsylvania,PA,2011,2017,40.0077,-75.1339,AltPress,Philadelphia:PA,3
The Weakerthans,Winnipeg,Manitoba,MB,1997,2014,49.8954,-97.1385,AltPress,Winnipeg:MB,1
Boston Manor,Blackpool,Lancashire,EG,2013,2026,53.8167,-3.037,AltPress,Blackpool:EG,1
Lil Peep,Long Beach,New York,NY,2013,2017,40.5887,-73.666,AltPress,Long Beach:NY,1
Lil Aaron,Frankfurt,Indiana,IN,2016,2026,40.2797,-86.5107,AltPress,Frankfurt:IN,1