,,,,,,,,
Band,City,State,State_id,Year formed,Year disbanded,Latitude,Longitude,Link to source
The Promise Ring,Milwaukee,Wisconsin,WI,1995,2002,43.0642,-87.9675,https://en.wikipedia.org/wiki/The_Promise_Ring
The Get Up Kids,Kansas City,Missouri,MO,1995,2005,39.1238,-94.5541,https://en.wikipedia.org/wiki/The_Get_Up_Kids
Braid,Champaign,Illinois,IL,1993,1999,40.1142,-88.2737,https://en.wikipedia.org/wiki/Braid_(band)
Texas Is the Reason,New York City,New York,NY,1994,1998,40.7128,-74.006,https://www.discogs.com/artist/260010-Texas-Is-The-Reason
Mineral,Houston,Texas,TX,1994,1998,29.786,-95.3885,https://en.wikipedia.org/wiki/Mineral_(band) https://www.discogs.com/artist/573453-Mineral?srsltid=AfmBOoo6sXwvAiF8Y-F4TqwzNtWt2YJsDWt3iD_r8zVG6QIM0yfc-vQH
Cap'n Jazz,Buffalo Grove,Illinois,IL,1989,1995,42.1675,-87.9615,https://en.wikipedia.org/wiki/Cap%27n_Jazz
Christie Front Drive,Denver,Colorado,CO,1993,1997,39.762,-104.8758,https://en.wikipedia.org/wiki/Christie_Front_Drive
You Blew It!,Orlando,Florida,FL,2009,2017,28.4773,-81.337,https://en.wikipedia.org/wiki/You_Blew_It!
Sunny Day Real Estate,Seattle,Washington,WA,1992,1995,47.6211,-122.3244,https://en.wikipedia.org/wiki/Sunny_Day_Real_Estate
Saves the Day,Princeton,New Jersey,NJ,1997,2026,40.3562,-74.6693,https://www.discogs.com/artist/377259-Saves-The-Day
Jawbreaker,East Bay,California,CA,1986,1996,37.8272,-122.2913,https://en.wikipedia.org/wiki/Jawbreaker_(band)
Thursday,New Brunswick,New Jersey,NJ,1997,2012,40.487,-74.445,https://en.wikipedia.org/wiki/Thursday_(band)
Hey Mercedes,Milwaukee,Wisconsin,WI,1999,2005,43.0642,-87.9675,https://en.wikipedia.org/wiki/Hey_Mercedes
The World Is A Beautiful Place and I Am No Longer Afraid to Die,Willimantic,Connecticut,CT,2009,2026,41.7171,-72.2114,https://en.wikipedia.org/wiki/The_World_Is_a_Beautiful_Place_%26_I_Am_No_Longer_Afraid_to_Die
Tigers Jaw,Scranton,Pennsylvania,PA,2005,2026,41.4044,-75.6649,https://en.wikipedia.org/wiki/Tigers_Jaw
Rainer Maria,Madison,Wisconsin,WI,1995,2006,43.0822,-89.393,https://www.discogs.com/artist/533479-Rainer-Maria
Jets To Brazil,Brooklyn,New York,NY,1997,2003,40.6501,-73.9496,https://en.wikipedia.org/wiki/Jets_to_Brazil
Piebald,Andover,Massachusetts,MA,1994,2008,42.6627,-71.1447,https://www.discogs.com/artist/355454-Piebald
The Hotelier,Worcester,Massachusetts,MA,2009,2026,42.2705,-71.8079,https://en.wikipedia.org/wiki/The_Hotelier
The Jazz June,Kutztown,Pennsylvania,PA,1996,2003,40.5212,-75.7772,https://en.wikipedia.org/wiki/The_Jazz_June
Rites of Spring,Washington,District of Columbia,DC,1983,1986,38.9047,-77.0163,https://en.wikipedia.org/wiki/Rites_of_Spring
Knapsack,Davis,California,CA,1993,2000,38.5553,-121.737,https://www.discogs.com/artist/541739-Knapsack
Into It. Over It.,Chicago,Illinois,IL,2007,2026,41.8375,-87.6866,https://en.wikipedia.org/wiki/Into_It._Over_It.
American Football,Champaign-Urbana,Illinois,IL,1997,2000,40.1163,-88.2435,https://www.discogs.com/artist/312291-American-Football
Dads,Piscataway,New Jersey,NJ,2010,2015,40.55,-74.4758,https://en.wikipedia.org/wiki/Dads_(band)
Joan of Arc,Chicago,Illinois,IL,1995,2020,41.8375,-87.6866,https://en.wikipedia.org/wiki/Joan_of_Arc_(band)
The Movielife,Long Island,New York,NY,1997,2003,40.7128,-74.006,https://en.wikipedia.org/wiki/The_Movielife
Tiny Moving Parts,Benson,Minnesota,MN,2008,2026,45.3152,-95.6058,https://en.wikipedia.org/wiki/Tiny_Moving_Parts
The Wonder Years,Landsdale,Pennsylvania,PA,2005,2026,40.2415,-75.2838,https://en.wikipedia.org/wiki/The_Wonder_Years_(band)
Joyce Manor,Torrance,California,CA,2008,2026,33.8346,-118.3416,https://en.wikipedia.org/wiki/Joyce_Manor
Marietta,Philadelphia,Pennsylvania,PA,2011,2015,40.0077,-75.1339,https://en.wikipedia.org/wiki/Marietta_(band)
Elliott,Louisville,Kentucky,KY,1995,2003,38.1663,-85.6485,https://en.wikipedia.org/wiki/Elliott_(band)
The Anniversary,Lawrence,Kansas,KS,1997,2004,38.9597,-95.2642,https://en.wikipedia.org/wiki/The_Anniversary
Free Throw,Nashville,Tennessee,TN,2012,2026,36.1715,-86.7842,https://en.wikipedia.org/wiki/Free_Throw_(band)
The Appleseed Cast,Lawrence,Kansas,KS,1997,2004,38.9597,-95.2642,https://en.wikipedia.org/wiki/The_Appleseed_Cast
Foxing,St. Louis,Missouri,MO,2011,2025,38.6359,-90.2451,https://www.discogs.com/artist/3189066-Foxing
Balance And Composure,Doylestown,Pennsylvania,PA,2007,2019,40.3101,-75.1299,https://en.wikipedia.org/wiki/Balance_and_Composure
The Casket Lottery,Kansas City,Missouri,MO,1998,2004,39.1238,-94.5541,https://www.last.fm/music/The+Casket+Lottery/+wiki * https://www.discogs.com/https://www.last.fm/music/The+Casket+Lottery/+wikiartist/320846-The-Casket-Lottery?srsltid=AfmBOorVmmvEwhIVszoq-o1srzR7Dwum3te7CnKR9QawTXr5JYuWTgoX
The Gloria Record,Austin,Texas,TX,1997,2004,30.3005,-97.7522,https://en.wikipedia.org/wiki/The_Gloria_Record
Pet Symmetry,Chicago,Illinois,IL,2012,2026,41.8375,-87.6866,https://en.wikipedia.org/wiki/Pet_Symmetry
Modern Baseball,Philadelphia,Pennsylvania,PA,2011,2017,40.0077,-75.1339,https://en.wikipedia.org/wiki/Modern_Baseball
The Juliana Theory,Greensburg,Pennsylvania,PA,1997,2006,40.3113,-79.5445,https://en.wikipedia.org/wiki/The_Juliana_Theory
Lifetime,New Brunswick,New Jersey,NJ,1990,1997,40.487,-74.445,https://en.wikipedia.org/wiki/Lifetime_(band)
Alkaline Trio,Chicago,Illinois,IL,1996,2026,41.8375,-87.6866,https://en.wikipedia.org/wiki/Alkaline_Trio
Touché Amoré,Los Angeles,California,CA,2007,2026,34.1141,-118.4068,https://en.wikipedia.org/wiki/Touch%C3%A9_Amor%C3%A9
Indian Summer,Oakland,California,CA,1993,1994,37.7904,-122.2166,https://en.wikipedia.org/wiki/Indian_Summer_(American_band)
Cursive,Omaha,Nebraska,NE,1995,2026,41.2627,-96.0529,https://www.discogs.com/artist/254433-Cursive
Old Gray,Hooksett,New Hampshire,NH,2011,2018,43.0463,-71.4365,https://en.wikipedia.org/wiki/Old_Gray
Taking Back Sunday,Amityville,New York,NY,1999,2026,40.6696,-73.4156,https://en.wikipedia.org/wiki/Taking_Back_Sunday
Boys Life,Kansas City,Missouri,MO,1993,1997,39.1238,-94.5541,https://en.wikipedia.org/wiki/Boys_Life_(band)
Small Brown Bike,Marshall,Michigan,MI,1996,2004,42.2618,-84.9598,https://en.wikipedia.org/wiki/Small_Brown_Bike
Orchid,Amherst,Massachusetts,MA,1997,2002,42.3757,-72.5199,https://en.wikipedia.org/wiki/Orchid_(screamo_band)
Seahaven,Torrance,California,CA,2009,2026,33.8346,-118.3416,https://en.wikipedia.org/wiki/Seahaven_(band)
Owen,Chicago,Illinois,IL,2001,2026,41.8375,-87.6866,https://www.discogs.com/artist/647607-Owen-4
Hot Rod Circuit,Auburn,Alabama,AL,1997,2007,32.6087,-85.4903,https://en.wikipedia.org/wiki/Hot_Rod_Circuit
Sorority Noise,Hartford,Connecticut,CT,2013,2018,41.7661,-72.6834,https://en.wikipedia.org/wiki/Sorority_Noise
Oso Oso,Long Beach,New York,NY,2014,2026,40.5887,-73.666,https://en.wikipedia.org/wiki/Oso_Oso
Samiam,Berkeley,California,CA,1988,2001,37.8722,-122.276,https://en.wikipedia.org/wiki/Samiam
Pianos Become The Teeth,Baltimore,Maryland,MD,2006,2026,39.3051,-76.6144,https://en.wikipedia.org/wiki/Pianos_Become_the_Teeth
Prince Daddy & the Hyena,Albany,New York,NY,2014,2026,42.6664,-73.7987,https://en.wikipedia.org/wiki/Prince_Daddy_%26_the_Hyena
Planes Mistaken For Stars,Peoria,Illinois,IL,1997,2008,40.752,-89.6154,https://en.wikipedia.org/wiki/Planes_Mistaken_for_Stars
Further Seems Forever,Pompano Beach,Florida,FL,1998,2006,26.2428,-80.1312,https://en.wikipedia.org/wiki/Further_Seems_Forever
I Hate Myself,Gainesville,Florida,FL,1996,1997,29.6804,-82.3459,https://en.wikipedia.org/wiki/I_Hate_Myself_(band)
The Starting Line,Churchville,Pennsylvania,PA,1999,2008,40.1922,-74.9982,https://en.wikipedia.org/wiki/The_Starting_Line
Brand New,Long Island,New York,NY,2000,2017,40.7128,-74.006,https://en.wikipedia.org/wiki/Brand_New_(band)
Mom Jeans.,Berkeley,California,CA,2014,2026,37.8722,-122.276,https://en.wikipedia.org/wiki/Mom_Jeans
Saetia,New York City,New York,NY,1997,1999,40.7128,-74.006,https://en.wikipedia.org/wiki/Saetia
Hot Water Music,Gainesville,Florida,FL,1994,2006,29.6804,-82.3459,https://en.wikipedia.org/wiki/Hot_Water_Music
The Jealous Sound,Los Angeles,California,CA,2000,2017,34.1141,-118.4068,https://www.discogs.com/artist/1398350-The-Jealous-Sound
Pageninetynine,Sterling,Virginia,VA,1997,2003,39.0052,-77.405,https://en.wikipedia.org/wiki/Pg._99
Pity Sex,Ann Arbor,Michigan,MI,2011,2016,42.2759,-83.731,https://en.wikipedia.org/wiki/Pity_Sex
Reggie And The Full Effect,Kansas City,Missouri,MO,1998,2008,39.1238,-94.5541,https://en.wikipedia.org/wiki/Reggie_and_the_Full_Effect
Armor For Sleep,Teaneck,New Jersey,NJ,2001,2009,40.8845,-74.008,https://en.wikipedia.org/wiki/Armor_for_Sleep
Sense Field,Harbor City,California,CA,1990,2004,33.7899,-118.2975,https://www.discogs.com/artist/314910-Sense-Field
Finch,Temecula,California,CA,1999,2006,33.4928,-117.1315,https://en.wikipedia.org/wiki/Finch_(American_band)
Dashboard Confessional,Boca Raton,Florida,FL,1999,2011,26.3752,-80.108,https://en.wikipedia.org/wiki/Dashboard_Confessional
Swing Kids,San Diego,California,CA,1994,1997,32.8313,-117.1222,https://en.wikipedia.org/wiki/Swing_Kids_(band)
The Early November,Hammonton,New Jersey,NJ,2001,2007,39.6572,-74.7678,https://en.wikipedia.org/wiki/The_Early_November
Midtown,New Brunswick,New Jersey,NJ,1998,2005,40.487,-74.445,https://en.wikipedia.org/wiki/Midtown_(band)
Pedro the Lion,Seattle,Washington,WA,1995,2006,47.6211,-122.3244,https://en.wikipedia.org/wiki/Pedro_the_Lion
Polar Bear Club,Rochester,New York,NY,2005,2014,43.168,-77.6162,https://en.wikipedia.org/wiki/Polar_Bear_Club
Moss Icon,Annapolis,Maryland,MD,1986,1991,38.9706,-76.5047,https://en.wikipedia.org/wiki/Moss_Icon
Senses Fail,Ridgewood,New Jersey,NJ,2001,2026,40.9821,-74.1127,https://en.wikipedia.org/wiki/Senses_Fail
Microwave,Atlanta,Georgia,GA,2012,2026,33.7628,-84.422,https://en.wikipedia.org/wiki/Microwave_(American_band)
At the Drive-In,El Paso,Texas,TX,1994,2001,31.8476,-106.43,https://en.wikipedia.org/wiki/At_the_Drive-In
Drive Like Jehu,San Diego,California,CA,1990,1995,32.8313,-117.1222,https://en.wikipedia.org/wiki/Drive_Like_Jehu
Citizen,Toledo,Ohio,OH,2009,2026,41.6638,-83.5827,https://en.wikipedia.org/wiki/Citizen_(band)
Embrace,Washington,District of Columbia,DC,1985,1986,38.9047,-77.0163,https://en.wikipedia.org/wiki/Embrace_(American_band)
PUP,Toronto,Ontario,ON,2010,2026,43.6548,-79.3884,https://en.wikipedia.org/wiki/PUP_(band)
Moose Blood,Canterbury,Kent,EG,2012,2018,51.277,1.0838,https://en.wikipedia.org/wiki/Moose_Blood
City of Caterpillar,Richmond,Virginia,VA,2000,2003,37.5295,-77.4756,https://en.wikipedia.org/wiki/City_of_Caterpillar
Say Anything,Los Angeles,California,CA,2000,2018,34.1141,-118.4068,https://en.wikipedia.org/wiki/Say_Anything_(band)
Real Friends,Tinley Park,Illinois,IL,2010,2026,41.567,-87.8049,https://en.wikipedia.org/wiki/Real_Friends_(band)
The Menzingers,Scranton,Pennsylvania,PA,2006,2026,41.4044,-75.6649,https://en.wikipedia.org/wiki/The_Menzingers
Have Mercy,Baltimore,Maryland,MD,2009,2020,39.3051,-76.6144,https://en.wikipedia.org/wiki/Have_Mercy_(band)
Rival Schools,New York City,New York,NY,1999,2003,40.7128,-74.006,https://en.wikipedia.org/wiki/Rival_Schools_(band)
Grade,Burlington,Ontario,ON,1994,2002,43.3255,-79.799,https://en.wikipedia.org/wiki/Grade_(band)
Boilermaker,San Diego,California,CA,1992,2002,32.8313,-117.1222,https://sophiesfloorboard.blogspot.com/2018/04/boilermaker.html
Man Overboard,Mt. Laurel,New Jersey,NJ,2008,2016,39.9242,-74.95,https://en.wikipedia.org/wiki/Man_Overboard_(band)
The Academy Is...,Chicago,Illinois,IL,2003,2011,41.8375,-87.6866,https://en.wikipedia.org/wiki/The_Academy_Is...
The Ataris,Anderson,Indiana,IN,1996,2009,40.0891,-85.6892,https://en.wikipedia.org/wiki/The_Ataris
The Front Bottoms,Woodcliff Lake,New Jersey,NJ,2006,2026,41.0253,-74.0604,https://en.wikipedia.org/wiki/The_Front_Bottoms
Jimmy Eat World,Mesa,Arizona,AZ,1993,2026,33.4015,-111.7178,https://en.wikipedia.org/wiki/Jimmy_Eat_World_discography
Bayside,Queens,New York,NY,2000,2026,40.7498,-73.7976,https://en.wikipedia.org/wiki/Bayside_(band)
Motion City Soundtrack,Minneapolis,Minnesota,MN,1997,2016,44.9635,-93.2678,https://en.wikipedia.org/wiki/Motion_City_Soundtrack
Portraits of Past,San Francisco,California,CA,1993,1995,37.7558,-122.4449,https://en.wikipedia.org/wiki/Portraits_of_Past
Title Fight,Kingston,Pennsylvania,PA,2003,2018,41.2652,-75.8876,https://en.wikipedia.org/wiki/Title_Fight
Transit,Stoneham,Massachusetts,MA,2006,2016,42.4817,-71.1002,https://en.wikipedia.org/wiki/Transit_(band)
The Saddest Landscape,Boston,Massachusetts,MA,2002,2005,42.3188,-71.0852,https://en.wikipedia.org/wiki/The_Saddest_Landscape
The New Amsterdams,Lawrence,Kansas,KS,2000,2014,38.9597,-95.2642,https://en.wikipedia.org/wiki/The_New_Amsterdams
La Dispute,Grand Rapids,Michigan,MI,2004,2026,42.9619,-85.6562,https://en.wikipedia.org/wiki/La_Dispute_(band)
Jawbox,Washington,District of Columbia,DC,1989,1997,38.9047,-77.0163,https://en.wikipedia.org/wiki/Jawbox
Knuckle Puck,Chicago,Illinois,IL,2010,2026,41.8375,-87.6866,https://en.wikipedia.org/wiki/Knuckle_Puck
Jejune,Boston,Massachusetts,MA,1996,2000,42.3188,-71.0852,https://en.wikipedia.org/wiki/Jejune
The Lawrence Arms,Chicago,Illinois,IL,1999,2026,41.8375,-87.6866,https://en.wikipedia.org/wiki/The_Lawrence_Arms
It Looks Sad.,Charlotte,North Carolina,NC,2012,2026,35.2083,-80.8303,https://en.wikipedia.org/wiki/It_Looks_Sad.
The Story So Far,Walnut Creek,California,CA,2007,2026,37.9024,-122.0399,https://en.wikipedia.org/wiki/The_Story_So_Far_(band)
One Last Wish,Washington,District of Columbia,DC,1986,1987,38.9047,-77.0163,https://en.wikipedia.org/wiki/One_Last_Wish
Bear Vs. Shark,Highland,Michigan,MI,2001,2005,42.6381,-83.6172,https://en.wikipedia.org/wiki/Bear_vs._Shark
Moneen,Brampton,Ontario,ON,1999,2026,43.6882,-79.763,https://en.wikipedia.org/wiki/Moneen
Remo Drive,Bloomington,Minnesota,MN,2013,2026,44.8306,-93.3151,https://en.wikipedia.org/wiki/Remo_Drive
Basement,Ipswich,Suffolk,EG,2009,2012,52.0597,1.1481,https://en.wikipedia.org/wiki/Basement_(band)
Slaughter Beach* Dog,Philadelphia,Pennsylvania,PA,2014,2026,40.0077,-75.1339,"https://en.wikipedia.org/wiki/Slaughter_Beach,_Dog"
mewithoutYou,Philadelphia,Pennsylvania,PA,2001,2022,40.0077,-75.1339,https://en.wikipedia.org/wiki/MewithoutYou
Somos,Boston,Massachusetts,MA,2012,2016,42.3188,-71.0852,https://en.wikipedia.org/wiki/Somos_(band)
Mat Kerekes,Toledo,Ohio,OH,2011,2026,41.6638,-83.5827,https://en.wikipedia.org/wiki/Mat_Kerekes
Glassjaw,Hempstead,New York,NY,1993,2026,40.7061,-73.6188,https://en.wikipedia.org/wiki/Glassjaw
Sparta,El Paso,Texas,TX,2001,2008,31.8476,-106.43,https://en.wikipedia.org/wiki/Sparta_(band)
Fiddlehead,Boston,Massachusetts,MA,2014,2026,42.3188,-71.0852,https://en.wikipedia.org/wiki/Fiddlehead_(band)
Ethel Meserve,State College,Pennsylvania,PA,1994,1998,40.7909,-77.8567,https://sophiesfloorboard.blogspot.com/2019/05/ethel-meserve.html
Defeater,Boston,Massachusetts,MA,2008,2026,42.3188,-71.0852,https://en.wikipedia.org/wiki/Defeater_(band)
Straylight Run,Baldwin,New York,NY,2003,2010,40.6511,-73.6075,https://en.wikipedia.org/wiki/Straylight_Run
Turnover,Virginia Beach,Virginia,VA,2009,2026,36.7335,-76.0435,https://en.wikipedia.org/wiki/Turnover_(band)
Q And Not U,Washington,District of Columbia,DC,1998,2005,38.9047,-77.0163,https://en.wikipedia.org/wiki/Q_and_Not_U
Hot Mulligan,Lansing,Michigan,MI,2014,2026,42.7142,-84.5601,https://en.wikipedia.org/wiki/Hot_Mulligan
Such Gold,Rochester,New York,NY,2009,2026,43.168,-77.6162,https://en.wikipedia.org/wiki/Such_Gold
Fireworks,Detroit,Michigan,MI,2004,2015,42.3834,-83.1024,https://en.wikipedia.org/wiki/Fireworks_(punk_band)
Can't Swim,Keansburg,New Jersey,NJ,2015,2026,40.4469,-74.1315,https://en.wikipedia.org/wiki/Can%27t_Swim
Loma Prieta,San Francisco,California,CA,2005,2026,37.7558,-122.4449,https://en.wikipedia.org/wiki/Loma_Prieta_(band)
The Obsessives,Washington,District of Columbia,DC,2013,2026,38.9047,-77.0163,https://en.wikipedia.org/wiki/The_Obsessives
I Am The Avalanche,Brooklyn,New York,NY,2004,2026,40.6501,-73.9496,https://en.wikipedia.org/wiki/I_Am_the_Avalanche
Aaron West and The Roaring Twenties,Philadelphia,Pennsylvania,PA,2014,2026,40.0077,-75.1339,https://en.wikipedia.org/wiki/Aaron_West_and_the_Roaring_Twenties
Circa Survive,Philadelphia,Pennsylvania,PA,2004,2022,40.0077,-75.1339,https://en.wikipedia.org/wiki/Circa_Survive
Boys Night Out,Burlington,Ontario,ON,2001,2016,43.3255,-79.799,https://en.wikipedia.org/wiki/Boys_Night_Out_(band)
Jank,Philadelphia,Pennsylvania,PA,2015,2016,40.0077,-75.1339,https://en.wikipedia.org/wiki/Jank_(band)
Drug Church,Albany,New York,NY,2011,2026,42.6664,-73.7987,https://en.wikipedia.org/wiki/Drug_Church
Hot Cross,Philadelphia,Pennsylvania,PA,2000,2007,40.0077,-75.1339,https://en.wikipedia.org/wiki/Hot_Cross
No Knife,San Diego,California,CA,1993,2003,32.8313,-117.1222,https://en.wikipedia.org/wiki/No_Knife
Dismemberment Plan,Washington,District of Columbia,DC,1993,2003,38.9047,-77.0163,https://en.wikipedia.org/wiki/The_Dismemberment_Plan
Engine Down,Richmond,Virginia,VA,1996,2005,37.5295,-77.4756,https://en.wikipedia.org/wiki/Engine_Down
Head Automatica,Brooklyn,New York,NY,2003,2012,40.6501,-73.9496,https://en.wikipedia.org/wiki/Head_Automatica
Burning Airlines,Washington,District of Columbia,DC,1997,2002,38.9047,-77.0163,https://en.wikipedia.org/wiki/Burning_Airlines
Twelve Hour Turn,Jacksonville,Florida,FL,1996,2002,30.3322,-81.6749,https://twelvehourturn.bandcamp.com/
Brandtson,Cleveland,Ohio,OH,1996,2008,41.4764,-81.6805,https://en.wikipedia.org/wiki/Brandtson
Pretty Girls Make Graves,Seattle,Washington,WA,2001,2007,47.6211,-122.3244,https://en.wikipedia.org/wiki/Pretty_Girls_Make_Graves
Northstar,Huntsville,Alabama,AL,1997,2005,34.6981,-86.6412,https://en.wikipedia.org/wiki/Northstar_(band)
Quicksand,New York City,New York,NY,1990,1995,40.7128,-74.006,https://en.wikipedia.org/wiki/Quicksand_(American_band)
Fairweather,Fairfax,Virginia,VA,1999,2003,38.8531,-77.2997,https://en.wikipedia.org/wiki/Fairweather_(band)
The Forecast,Peoria,Illinois,IL,2001,2017,40.752,-89.6154,https://en.wikipedia.org/wiki/The_Forecast
My Chemical Romance,Belleville,New Jersey,NJ,2001,2013,40.7874,-74.1529,https://en.wikipedia.org/wiki/My_Chemical_Romance
Jeremy Enigk,Seattle,Washington,WA,1996,2026,47.6211,-122.3244,https://en.wikipedia.org/wiki/Jeremy_Enigk
Chamberlain,Bloomington,Indiana,IN,1989,2000,39.1637,-86.5257,https://en.wikipedia.org/wiki/Chamberlain_(band)
Vitreous Humor,Topeka,Kansas,KS,1990,1996,39.0346,-95.6955,https://en.wikipedia.org/wiki/Vitreous_Humor_(band)
Fall Out Boy,Wilmette,Illinois,IL,2001,2009,42.0771,-87.7282,https://en.wikipedia.org/wiki/Fall_Out_Boy
The Van Pelt,New York City,New York,NY,1993,1997,40.7128,-74.006,https://www.discogs.com/artist/782965-The-Van-Pelt
Forests,Singapore,Singapore,SG,2014,2026,1.3521,103.8198,https://grandmasophiascookies.com/2022/04/29/in-conversation-forests-talk-making-vultures-top-100-emo-songs-list-and-putting-together-their-kick-ass-new-album/
The Format,Peoria,Arizona,AZ,2002,2008,33.7843,-112.2989,https://en.wikipedia.org/wiki/The_Format
Boy Rex,Traverse City,Michigan,MI,2015,2019,44.7546,-85.6038,https://www.jackmsenff.com/ * https://theboyrex.bandcamp.com/album/the-bloodmonths
Love of Everything,Chicago,Illinois,IL,2003,2013,41.8375,-87.6866,https://loveofeverything.bandcamp.com/