,,,,,,,,,,,
Entry number,Band,Name of single,Year single released,City,State,State_id,Year formed,Year disbanded,Latitude,Longitude,Link to source
100,Forests,Tamago,2016,Singapore,Singapore,SG,2014,2026,1.3521,103.8198,https://grandmasophiascookies.com/2022/04/29/in-conversation-forests-talk-making-vultures-top-100-emo-songs-list-and-putting-together-their-kick-ass-new-album/
99,Jejune,This Afternoon’s Malady,1998,Boston,Massachusetts,MA,1996,2000,42.3188,-71.0852,https://en.wikipedia.org/wiki/Jejune
98,The Van Pelt,Nanzen Kills a Cat,1997,New York City,New York,NY,1993,1997,40.7128,-74.006,https://www.discogs.com/artist/782965-The-Van-Pelt
97,Copeland,When Paula Sparks,2003,Lakeland,Florida,FL,2001,2010,28.0557,-81.9545,https://en.wikipedia.org/wiki/Copeland_(band)
96,Panic! at the Disco,Lying Is the Most Fun a Girl Can Have Without Taking Her Clothes Off,2005,Las Vegas,Nevada,NV,2004,2023,36.2333,-115.2654,https://en.wikipedia.org/wiki/Panic!_at_the_Disco
95,Dads,Shit Twins,2012,Piscataway,New Jersey,NJ,2010,2015,40.55,-74.4758,https://en.wikipedia.org/wiki/Dads_(band)
94,Evergreen,A Couple Curled Up Pictures,1994,Los Angeles,California,CA,1993,1997,34.1141,-118.4068,https://en.wikipedia.org/wiki/Evergreen_(American_band)
93,Origami Angel,Doctor Whomst,2019,Washington,District of Columbia,DC,2016,2026,38.9047,-77.0163,https://en.wikipedia.org/wiki/Origami_Angel
92,Crash of Rhinos,Opener,2013,Derby,England,UK,2009,2014,52.9225,-1.4746,https://en.wikipedia.org/wiki/Crash_of_Rhinos
91,Ethel Meserve,Waltz of Gibraltar,1995,State College,Pennsylvania,PA,1994,1998,40.7909,-77.8567,https://sophiesfloorboard.blogspot.com/2019/05/ethel-meserve.html
90,Los Campesinos!,The Sea Is a Good Place to Think of the Future,2010,Cardiff,Wales,UK,2006,2026,51.4837,-3.1681,https://en.wikipedia.org/wiki/Los_Campesinos!
89,The Used,The Taste of Ink,2002,Orem,Utah,UT,2000,2026,40.2981,-111.6994,https://en.wikipedia.org/wiki/The_Used
88,Shotmaker,Sky,1996,Belleville,Ontario,ON,1993,1996,44.164,-77.3825,https://en.wikipedia.org/wiki/Shotmaker_(band)
87,Empire! Empire! (I Was a Lonely Estate),Keep What You Have Built Up Here,2009,Fenton,Michigan,MI,2006,2016,42.7994,-83.7144,https://en.wikipedia.org/wiki/Empire!_Empire!_(I_Was_a_Lonely_Estate)
86,Hoover,Electrolux,1994,Washington,District of Columbia,DC,1992,1994,38.9047,-77.0163,https://en.wikipedia.org/wiki/Hoover_(band)
85,Coheed and Cambria,A Favor House Atlantic,2003,Nyack,New York,NY,1995,2026,41.0919,-73.9143,https://en.wikipedia.org/wiki/Coheed_and_Cambria
84,The Appleseed Cast,On Reflection,2001,Lawrence,Kansas,KS,1997,2004,38.9597,-95.2642,https://en.wikipedia.org/wiki/The_Appleseed_Cast
83,Swing Kids,Blue Note,1994,San Diego,California,CA,1994,1997,32.8313,-117.1222,https://en.wikipedia.org/wiki/Swing_Kids_(band)
82,Boys Life,Fire Engine Red,1995,Kansas City,Missouri,MO,1993,1997,39.1238,-94.5541,https://en.wikipedia.org/wiki/Boys_Life_(band)
81,One Last Wish,My Better Half,1986,Washington,District of Columbia,DC,1986,1987,38.9047,-77.0163,https://en.wikipedia.org/wiki/One_Last_Wish
80,Castevet,Between Berwyn and Bryn Mawr,2008,New York City,New York,NY,2006,2014,40.7128,-74.006,https://en.wikipedia.org/wiki/Castevet
79,Boilermaker,Slow Down,1996,San Diego,California,CA,1992,2002,32.8313,-117.1222,https://sophiesfloorboard.blogspot.com/2018/04/boilermaker.html
78,mewithoutYou,Wolf Am I! (And Shadow),2006,Philadelphia,Pennsylvania,PA,2001,2022,40.0077,-75.1339,https://en.wikipedia.org/wiki/MewithoutYou
77,Heroin,Meaning Less,1993,San Diego,California,CA,1989,1993,32.8313,-117.1222,https://en.wikipedia.org/wiki/Heroin_(band)
76,Penfold,I’ll Take You Everywhere,1998,Livingston,New Jersey,NJ,1994,2003,40.7824,-74.3151,https://www.last.fm/music/Penfold/+wiki
75,La Dispute,The Last Lost Continent,2008,Grand Rapids,Michigan,MI,2004,2026,42.9619,-85.6562,https://en.wikipedia.org/wiki/La_Dispute_(band)
74,Oso Oso,Reindeer Games,2017,Long Beach,New York,NY,2014,2026,40.5887,-73.666,https://en.wikipedia.org/wiki/Oso_Oso
73,Pageninetynine,In Love With an Apparition,2001,Sterling,Virginia,VA,1997,2003,39.0052,-77.405,https://en.wikipedia.org/wiki/Pg._99
72,Modern Baseball,Your Graduation,2014,Philadelphia,Pennsylvania,PA,2011,2017,40.0077,-75.1339,https://en.wikipedia.org/wiki/Modern_Baseball
71,Saetia,Venus and Bacchus,1998,New York City,New York,NY,1997,1999,40.7128,-74.006,https://en.wikipedia.org/wiki/Saetia
70,Elliott,Drive on to Me,2000,Louisville,Kentucky,KY,1995,2003,38.1663,-85.6485,https://en.wikipedia.org/wiki/Elliott_(band)
69,Foxing,Rory,2013,St. Louis,Missouri,MO,2011,2025,38.6359,-90.2451,https://www.discogs.com/artist/3189066-Foxing
68,Gray Matter,Burn No Bridges,1986,Washington,District of Columbia,DC,1983,1986,38.9047,-77.0163,https://en.wikipedia.org/wiki/Gray_Matter_(band)
67,Sarge,Beguiling,1998,Champaign,Illinois,IL,1996,2000,40.1142,-88.2737,https://en.wikipedia.org/wiki/Sarge_(band)
66,Knapsack,Courage Was Confused,1997,Davis,California,CA,1993,2000,38.5553,-121.737,https://www.discogs.com/artist/541739-Knapsack
65,Fuel,Cue To You,1990,Harrisburg,Pennsylvania,PA,1989,2026,40.2752,-76.8843,https://en.wikipedia.org/wiki/Fuel_(band)
64,Glocca Morra,Irrevocable* Motherfucker,2012,Miami,Florida,FL,2007,2015,25.784,-80.2101,https://en.wikipedia.org/wiki/Glocca_Morra_(band)
63,Tigers Jaw,I Saw Water,2008,Scranton,Pennsylvania,PA,2005,2026,41.4044,-75.6649,https://en.wikipedia.org/wiki/Tigers_Jaw
62,Something Corporate,Konstantine,2000,Laguna Niguel,California,CA,1998,2006,33.5275,-117.705,https://en.wikipedia.org/wiki/Something_Corporate
61,Weezer,Tired of Sex,1996,Los Angeles,California,CA,1992,1997,34.1141,-118.4068,https://en.wikipedia.org/wiki/Weezer
60,I Hate Myself,To a Husband at War,1997,Gainesville,Florida,FL,1996,1997,29.6804,-82.3459,https://en.wikipedia.org/wiki/I_Hate_Myself_(band)
59,Say Anything,Alive With the Glory of Love,2004,Los Angeles,California,CA,2000,2018,34.1141,-118.4068,https://en.wikipedia.org/wiki/Say_Anything_(band)
58,The Jazz June,The Scars to Prove It,2000,Kutztown,Pennsylvania,PA,1996,2003,40.5212,-75.7772,https://en.wikipedia.org/wiki/The_Jazz_June
57,Snowing,Sam Rudich,2009,Lehigh Valley,Pennsylvania,PA,2008,2011,40.5834,-75.5044,https://en.wikipedia.org/wiki/Snowing_(band)
56,The Anniversary,The D in Detroit,2000,Lawrence,Kansas,KS,1997,2004,38.9597,-95.2642,https://en.wikipedia.org/wiki/The_Anniversary
55,Ignition,Anger Means,1987,Washington,District of Columbia,DC,1986,1989,38.9047,-77.0163,https://www.discogs.com/artist/261148-Ignition-5?srsltid=AfmBOoqaOu3DrWS9yQJeoG2tbxnUZPQzcKg_nVj4FqzzI6oZ5pksvsEt
54,The Jealous Sound,Hope for Us,2003,Los Angeles,California,CA,2000,2017,34.1141,-118.4068,https://www.discogs.com/artist/1398350-The-Jealous-Sound
53,Rainer Maria,Tinfoil,1997,Madison,Wisconsin,WI,1995,2006,43.0822,-89.393,https://www.discogs.com/artist/533479-Rainer-Maria
52,Lifetime,(The Gym Is) Neutral Territory,1995,New Brunswick,New Jersey,NJ,1990,1997,40.487,-74.445,https://en.wikipedia.org/wiki/Lifetime_(band)
51,Moss Icon,I’m Back Sleeping* or Fucking* or Something,1993,Annapolis,Maryland,MD,1986,1991,38.9706,-76.5047,https://en.wikipedia.org/wiki/Moss_Icon
50,Bright Eyes,The Calendar Hung Itself …,2000,Omaha,Nebraska,NE,1995,2011,41.2627,-96.0529,https://en.wikipedia.org/wiki/Bright_Eyes_(band)
49,The World Is a Beautiful Place and I Am No Longer Afraid to Die,January 10th* 2014,2015,Willimantic,Connecticut,CT,2009,2026,41.7171,-72.2114,https://en.wikipedia.org/wiki/The_World_Is_a_Beautiful_Place_%26_I_Am_No_Longer_Afraid_to_Die
48,At the Drive-In,Transatlantic Foe,1998,El Paso,Texas,TX,1994,2001,31.8476,-106.43,https://en.wikipedia.org/wiki/At_the_Drive-In
47,Jets to Brazil,Chinatown,1998,Brooklyn,New York,NY,1997,2003,40.6501,-73.9496,https://en.wikipedia.org/wiki/Jets_to_Brazil
46,Embrace,No More Pain,1987,Washington,District of Columbia,DC,1985,1986,38.9047,-77.0163,https://en.wikipedia.org/wiki/Embrace_(American_band)
45,My Chemical Romance,I’m Not Okay (I Promise),2004,Belleville,New Jersey,NJ,2001,2013,40.7874,-74.1529,https://en.wikipedia.org/wiki/My_Chemical_Romance
44,Desaparecidos,The Happiest Place on Earth,2002,Omaha,Nebraska,NE,2001,2002,41.2627,-96.0529,https://en.wikipedia.org/wiki/Desaparecidos_(band)
43,Thursday,Never techically broke up but stopped touring and playing shows consistently *came back 2021*split with Into It Over It,2001,New Brunswick,New Jersey,NJ,1997,2012,40.487,-74.445,https://en.wikipedia.org/wiki/Thursday_(band)
42,Owls,Everyone Is My Friend,2001,Chicago,Illinois,IL,2001,2002,41.8375,-87.6866,https://www.discogs.com/artist/301454-Owls
41,Texas Is the Reason,Back and to the Left,1996,New York City,New York,NY,1994,1997,40.7128,-74.006,https://en.wikipedia.org/wiki/Texas_Is_the_Reason
40,Jimmy Eat World,Lucky Denver Mint,1999,Mesa,Arizona,AZ,1993,2026,33.4015,-111.7178,https://en.wikipedia.org/wiki/Jimmy_Eat_World_discography
39,Orchid,I Am Nietzche,2000,Amherst,Massachusetts,MA,1997,2002,42.3757,-72.5199,https://en.wikipedia.org/wiki/Orchid_(screamo_band)
38,Saves the Day,At Your Funeral,2001,Princeton,New Jersey,NJ,1997,2026,40.3562,-74.6693,https://en.wikipedia.org/wiki/Saves_the_Day
37,Joyce Manor,Constant Headache,2011,Torrance,California,CA,2008,2026,33.8346,-118.3416,https://en.wikipedia.org/wiki/Joyce_Manor
36,Braid,A Dozen Roses,1998,Champaign,Illinois,IL,1993,1999,40.1142,-88.2737,https://en.wikipedia.org/wiki/Braid_(band)
35,Fall Out Boy,Sugar We’re Going Down,2005,Wilmette,Illinois,IL,2001,2009,42.0771,-87.7282,https://en.wikipedia.org/wiki/Fall_Out_Boy
34,Death Cab for Cutie,A Movie Script Ending,2001,Bellingham,Washington,WA,1997,2026,48.7548,-122.469,https://en.wikipedia.org/wiki/Death_Cab_for_Cutie
33,Mineral,Gloria,1997,Houston,Texas,TX,1994,1998,29.786,-95.3885,https://en.wikipedia.org/wiki/Mineral_(band) https://www.discogs.com/artist/573453-Mineral?srsltid=AfmBOoo6sXwvAiF8Y-F4TqwzNtWt2YJsDWt3iD_r8zVG6QIM0yfc-vQH
32,Dag Nasty,Circles,1986,Washington,District of Columbia,DC,1985,1988,38.9047,-77.0163,https://en.wikipedia.org/wiki/Dag_Nasty
31,Alkaline Trio,Bleeder,1998,Chicago,Illinois,IL,1996,2026,41.8375,-87.6866,https://en.wikipedia.org/wiki/Alkaline_Trio
30,Cursive,The Recluse,2003,Omaha,Nebraska,NE,1995,2026,41.2627,-96.0529,https://www.discogs.com/artist/254433-Cursive
29,Motion City Soundtrack,L.G. FUAD,2005,Minneapolis,Minnesota,MN,1997,2016,44.9635,-93.2678,https://en.wikipedia.org/wiki/Motion_City_Soundtrack
28,Don Martin Three,Transistor,1996,St. Augustine,Florida,FL,1993,1996,29.8976,-81.31,https://sophiesfloorboard.blogspot.com/2018/11/don-martin-three.html
27,Everyone Everywhere,I Feel Exhausted,2012,Philadelphia,Pennsylvania,PA,2007,2016,40.0077,-75.1339,https://en.wikipedia.org/wiki/Everyone_Everywhere * https://www.setlist.fm/setlists/everyone-everywhere-63deb6ff.html
26,Drive Like Jehu,Do You Compute,1994,San Diego,California,CA,1990,1995,32.8313,-117.1222,https://en.wikipedia.org/wiki/Drive_Like_Jehu
25,Pedro the Lion,Options,2002,Seattle,Washington,WA,1995,2006,47.6211,-122.3244,https://en.wikipedia.org/wiki/Pedro_the_Lion
24,City of Caterpillar,And You’re Wondering How a Top Floor Could Replace Heaven,2002,Richmond,Virginia,VA,2000,2003,37.5295,-77.4756,https://en.wikipedia.org/wiki/City_of_Caterpillar
23,The Hotelier,Your Deep Rest,2014,Worcester,Massachusetts,MA,2009,2026,42.2705,-71.8079,https://en.wikipedia.org/wiki/The_Hotelier
22,Dashboard Confessional,Hands Down,2003,Boca Raton,Florida,FL,1999,2011,26.3752,-80.108,https://en.wikipedia.org/wiki/Dashboard_Confessional
21,Taking Back Sunday,A Decade Under the Influence,2004,Amityville,New York,NY,1999,2026,40.6696,-73.4156,https://en.wikipedia.org/wiki/Taking_Back_Sunday
20,Piebald,American Hearts,2002,Andover,Massachusetts,MA,1994,2008,42.6627,-71.1447,https://www.discogs.com/artist/355454-Piebald
19,Indian Summer,Angry Son,1993,Oakland,California,CA,1993,1994,37.7904,-122.2166,https://en.wikipedia.org/wiki/Indian_Summer_(American_band)
18,Christie Front Drive,Radio,1997,Denver,Colorado,CO,1993,1997,39.762,-104.8758,https://en.wikipedia.org/wiki/Christie_Front_Drive
17,Straylight Run,Existentialism on Prom Night,2004,Baldwin,New York,NY,2003,2010,40.6511,-73.6075,https://en.wikipedia.org/wiki/Straylight_Run
16,Jawbox,Savory,1994,Washington,District of Columbia,DC,1989,1997,38.9047,-77.0163,https://en.wikipedia.org/wiki/Jawbox
15,The Promise Ring,Is This Thing On?,1997,Milwaukee,Wisconsin,WI,1995,2002,43.0642,-87.9675,https://en.wikipedia.org/wiki/The_Promise_Ring
14,Taking Back Sunday,Cute Without the E (Cut From the Team),2002,Amityville,New York,NY,1999,2026,40.6696,-73.4156,https://en.wikipedia.org/wiki/Taking_Back_Sunday
13,The Get Up Kids,Action & Action,1999,Kansas City,Missouri,MO,1995,2005,39.1238,-94.5541,https://en.wikipedia.org/wiki/The_Get_Up_Kids
12,Rainer Maria,Planetary,1999,Madison,Wisconsin,WI,1995,2006,43.0822,-89.393,https://www.discogs.com/artist/533479-Rainer-Maria
11,Sunny Day Real Estate,In Circles,1994,Seattle,Washington,WA,1992,1995,47.6211,-122.3244,https://en.wikipedia.org/wiki/Sunny_Day_Real_Estate
10,Hop Along,Tibetan Pop Stars,2012,Philadelphia,Pennsylvania,PA,2005,2026,40.0077,-75.1339,https://en.wikipedia.org/wiki/Hop_Along
9,My Chemical Romance,Helena,2004,Belleville,New Jersey,NJ,2001,2013,40.7874,-74.1529,https://en.wikipedia.org/wiki/My_Chemical_Romance
8,Algernon Cadwallader,Some Kind of Cadwallader,2008,Yardley,Pennsylvania,PA,2005,2012,40.2408,-74.8386,https://en.wikipedia.org/wiki/Algernon_Cadwallader
7,Rites of Spring,Deeper Than Inside,1985,Washington,District of Columbia,DC,1983,1986,38.9047,-77.0163,https://en.wikipedia.org/wiki/Rites_of_Spring
6,Paramore,That’s What You Get,2007,Franklin,Tennessee,TN,2004,2025,35.92,-86.8516,https://en.wikipedia.org/wiki/Paramore
5,Sunny Day Real Estate,Seven,1994,Seattle,Washington,WA,1992,1995,47.6211,-122.3244,https://en.wikipedia.org/wiki/Sunny_Day_Real_Estate
4,Jimmy Eat World,Sweetness,2001,Mesa,Arizona,AZ,1993,2026,33.4015,-111.7178,https://en.wikipedia.org/wiki/Jimmy_Eat_World_discography
3,Cap’n Jazz,Little League,1995,Buffalo Grove,Illinois,IL,1989,1995,42.1675,-87.9615,https://www.discogs.com/artist/690592-Capn-Jazz
2,Jawbreaker,Accident Prone,1995,East Bay,California,CA,1986,1996,37.8272,-122.2913,https://en.wikipedia.org/wiki/Jawbreaker_(band)
1,American Football,Never Meant,1999,Champaign-Urbana,Illinois,IL,1997,2000,40.1163,-88.2435,https://www.discogs.com/artist/312291-American-Football